30-Sep-2026 14:43:09.803 INFO [main] org.apache.catalina.startup.VersionLoggerListener.log Server version name:   Apache Tomcat/10.1.60
30-Sep-2026 14:43:09.808 INFO [main] org.apache.catalina.startup.VersionLoggerListener.log Server built:          Sep 9 2026 22:35:59 UTC
30-Sep-2026 14:43:09.809 INFO [main] org.apache.catalina.startup.VersionLoggerListener.log Server version number: 10.1.60.0
30-Sep-2026 14:43:09.809 INFO [main] org.apache.catalina.startup.VersionLoggerListener.log OS Name:               Windows 11
30-Sep-2026 14:43:09.810 INFO [main] org.apache.catalina.startup.VersionLoggerListener.log OS Version:            10.0
30-Sep-2026 14:43:09.810 INFO [main] org.apache.catalina.startup.VersionLoggerListener.log Architecture:          amd64
30-Sep-2026 14:43:09.810 INFO [main] org.apache.catalina.startup.VersionLoggerListener.log Java Home:             C:\Program Files\Java\jdk-26.0.1
30-Sep-2026 14:43:09.811 INFO [main] org.apache.catalina.startup.VersionLoggerListener.log JVM Version:           26.0.1+8-34
30-Sep-2026 14:43:09.811 INFO [main] org.apache.catalina.startup.VersionLoggerListener.log JVM Vendor:            Oracle Corporation
30-Sep-2026 14:43:09.811 INFO [main] org.apache.catalina.startup.VersionLoggerListener.log CATALINA_BASE:         C:\Cookies-web\cookie-kitchen
30-Sep-2026 14:43:09.811 INFO [main] org.apache.catalina.startup.VersionLoggerListener.log CATALINA_HOME:         C:\tomcat\apache-tomcat-10.1.60
30-Sep-2026 14:43:09.827 INFO [main] org.apache.catalina.startup.VersionLoggerListener.log Command line argument: --add-opens=java.base/java.lang=ALL-UNNAMED
30-Sep-2026 14:43:09.827 INFO [main] org.apache.catalina.startup.VersionLoggerListener.log Command line argument: --add-opens=java.base/java.io=ALL-UNNAMED
30-Sep-2026 14:43:09.827 INFO [main] org.apache.catalina.startup.VersionLoggerListener.log Command line argument: --add-opens=java.base/java.util=ALL-UNNAMED
30-Sep-2026 14:43:09.827 INFO [main] org.apache.catalina.startup.VersionLoggerListener.log Command line argument: --add-opens=java.base/java.util.concurrent=ALL-UNNAMED
30-Sep-2026 14:43:09.827 INFO [main] org.apache.catalina.startup.VersionLoggerListener.log Command line argument: --add-opens=java.rmi/sun.rmi.transport=ALL-UNNAMED
30-Sep-2026 14:43:09.827 INFO [main] org.apache.catalina.startup.VersionLoggerListener.log Command line argument: -Dcatalina.home=C:\..\..\..\..\..\tomcat\apache-tomcat-10.1.60
30-Sep-2026 14:43:09.827 INFO [main] org.apache.catalina.startup.VersionLoggerListener.log Command line argument: -Dcatalina.base=C:\Cookies-web\cookie-kitchen
30-Sep-2026 14:43:09.827 INFO [main] org.apache.catalina.startup.VersionLoggerListener.log Command line argument: -Djava.io.tmpdir=C:\Cookies-web\cookie-kitchen\temp
30-Sep-2026 14:43:09.828 INFO [main] org.apache.catalina.startup.VersionLoggerListener.log Command line argument: -Djava.util.logging.config.file=C:\Cookies-web\cookie-kitchen\conf\logging.properties
30-Sep-2026 14:43:09.828 INFO [main] org.apache.catalina.startup.VersionLoggerListener.log Command line argument: -Djava.util.logging.manager=org.apache.juli.ClassLoaderLogManager
30-Sep-2026 14:43:09.828 INFO [main] org.apache.catalina.startup.VersionLoggerListener.log Command line argument: -javaagent:C:\Program Files\JetBrains\IntelliJ IDEA 2026.2.3\lib\idea_rt.jar=53098
30-Sep-2026 14:43:09.828 INFO [main] org.apache.catalina.startup.VersionLoggerListener.log Command line argument: -Dfile.encoding=UTF-8
30-Sep-2026 14:43:09.828 INFO [main] org.apache.catalina.startup.VersionLoggerListener.log Command line argument: -Dsun.stdout.encoding=UTF-8
30-Sep-2026 14:43:09.828 INFO [main] org.apache.catalina.startup.VersionLoggerListener.log Command line argument: -Dsun.stderr.encoding=UTF-8
30-Sep-2026 14:43:09.839 INFO [main] org.apache.catalina.core.AprLifecycleListener.lifecycleEvent Loaded Apache Tomcat Native library [2.0.16] using APR version [1.7.6].
30-Sep-2026 14:43:09.878 INFO [main] org.apache.catalina.core.AprLifecycleListener.initializeSSL OpenSSL successfully initialized [OpenSSL 3.5.8 25 Aug 2026]
30-Sep-2026 14:43:10.541 INFO [main] org.apache.coyote.AbstractProtocol.init Initializing ProtocolHandler ["http-nio-8080"]
30-Sep-2026 14:43:10.580 INFO [main] org.apache.catalina.startup.Catalina.load Server initialization in [1121] milliseconds
30-Sep-2026 14:43:10.655 INFO [main] org.apache.catalina.core.StandardService.startInternal Starting service [Catalina]
30-Sep-2026 14:43:10.655 INFO [main] org.apache.catalina.core.StandardEngine.startInternal Starting Servlet engine: [Apache Tomcat/10.1.60]
30-Sep-2026 14:43:10.675 INFO [main] org.apache.catalina.startup.HostConfig.deployDescriptor Deploying deployment descriptor [C:\Cookies-web\cookie-kitchen\conf\Catalina\localhost\cookie-kitchen.xml]
30-Sep-2026 14:43:12.148 INFO [main] org.apache.jasper.servlet.TldScanner.scanJars At least one JAR was scanned for TLDs yet contained no TLDs. Enable debug logging for this logger for a complete list of JARs that were scanned but no TLDs were found in them. Skipping unneeded JARs during scanning can improve startup time and JSP compilation time.
30-Sep-2026 14:43:12.247 INFO [main] org.apache.catalina.startup.HostConfig.deployDescriptor Deployment of deployment descriptor [C:\Cookies-web\cookie-kitchen\conf\Catalina\localhost\cookie-kitchen.xml] has finished in [1,568] ms
30-Sep-2026 14:43:12.252 INFO [main] org.apache.coyote.AbstractProtocol.start Starting ProtocolHandler ["http-nio-8080"]
30-Sep-2026 14:43:12.288 INFO [main] org.apache.catalina.startup.Catalina.start Server startup in [1705] milliseconds
30-Sep-2026 14:44:06.349 INFO [Thread-1] org.apache.coyote.AbstractProtocol.pause Pausing ProtocolHandler ["http-nio-8080"]
30-Sep-2026 14:44:06.355 INFO [Thread-1] org.apache.catalina.core.StandardService.stopInternal Stopping service [Catalina]
30-Sep-2026 14:44:06.370 INFO [Thread-1] org.apache.coyote.AbstractProtocol.stop Stopping ProtocolHandler ["http-nio-8080"]
30-Sep-2026 14:44:06.381 INFO [Thread-1] org.apache.coyote.AbstractProtocol.destroy Destroying ProtocolHandler ["http-nio-8080"]
30-Sep-2026 14:44:10.417 INFO [main] org.apache.catalina.startup.VersionLoggerListener.log Server version name:   Apache Tomcat/10.1.60
30-Sep-2026 14:44:10.420 INFO [main] org.apache.catalina.startup.VersionLoggerListener.log Server built:          Sep 9 2026 22:35:59 UTC
30-Sep-2026 14:44:10.421 INFO [main] org.apache.catalina.startup.VersionLoggerListener.log Server version number: 10.1.60.0
30-Sep-2026 14:44:10.421 INFO [main] org.apache.catalina.startup.VersionLoggerListener.log OS Name:               Windows 11
30-Sep-2026 14:44:10.421 INFO [main] org.apache.catalina.startup.VersionLoggerListener.log OS Version:            10.0
30-Sep-2026 14:44:10.421 INFO [main] org.apache.catalina.startup.VersionLoggerListener.log Architecture:          amd64
30-Sep-2026 14:44:10.421 INFO [main] org.apache.catalina.startup.VersionLoggerListener.log Java Home:             C:\Program Files\Java\jdk-26.0.1
30-Sep-2026 14:44:10.421 INFO [main] org.apache.catalina.startup.VersionLoggerListener.log JVM Version:           26.0.1+8-34
30-Sep-2026 14:44:10.421 INFO [main] org.apache.catalina.startup.VersionLoggerListener.log JVM Vendor:            Oracle Corporation
30-Sep-2026 14:44:10.421 INFO [main] org.apache.catalina.startup.VersionLoggerListener.log CATALINA_BASE:         C:\Cookies-web\cookie-kitchen
30-Sep-2026 14:44:10.421 INFO [main] org.apache.catalina.startup.VersionLoggerListener.log CATALINA_HOME:         C:\tomcat\apache-tomcat-10.1.60
30-Sep-2026 14:44:10.432 INFO [main] org.apache.catalina.startup.VersionLoggerListener.log Command line argument: --add-opens=java.base/java.lang=ALL-UNNAMED
30-Sep-2026 14:44:10.432 INFO [main] org.apache.catalina.startup.VersionLoggerListener.log Command line argument: --add-opens=java.base/java.io=ALL-UNNAMED
30-Sep-2026 14:44:10.432 INFO [main] org.apache.catalina.startup.VersionLoggerListener.log Command line argument: --add-opens=java.base/java.util=ALL-UNNAMED
30-Sep-2026 14:44:10.433 INFO [main] org.apache.catalina.startup.VersionLoggerListener.log Command line argument: --add-opens=java.base/java.util.concurrent=ALL-UNNAMED
30-Sep-2026 14:44:10.433 INFO [main] org.apache.catalina.startup.VersionLoggerListener.log Command line argument: --add-opens=java.rmi/sun.rmi.transport=ALL-UNNAMED
30-Sep-2026 14:44:10.433 INFO [main] org.apache.catalina.startup.VersionLoggerListener.log Command line argument: -Dcatalina.home=C:\..\..\..\..\..\tomcat\apache-tomcat-10.1.60
30-Sep-2026 14:44:10.433 INFO [main] org.apache.catalina.startup.VersionLoggerListener.log Command line argument: -Dcatalina.base=C:\Cookies-web\cookie-kitchen
30-Sep-2026 14:44:10.433 INFO [main] org.apache.catalina.startup.VersionLoggerListener.log Command line argument: -Djava.io.tmpdir=C:\Cookies-web\cookie-kitchen\temp
30-Sep-2026 14:44:10.433 INFO [main] org.apache.catalina.startup.VersionLoggerListener.log Command line argument: -Djava.util.logging.config.file=C:\Cookies-web\cookie-kitchen\conf\logging.properties
30-Sep-2026 14:44:10.433 INFO [main] org.apache.catalina.startup.VersionLoggerListener.log Command line argument: -Djava.util.logging.manager=org.apache.juli.ClassLoaderLogManager
30-Sep-2026 14:44:10.433 INFO [main] org.apache.catalina.startup.VersionLoggerListener.log Command line argument: -javaagent:C:\Program Files\JetBrains\IntelliJ IDEA 2026.2.3\lib\idea_rt.jar=61880
30-Sep-2026 14:44:10.433 INFO [main] org.apache.catalina.startup.VersionLoggerListener.log Command line argument: -Dfile.encoding=UTF-8
30-Sep-2026 14:44:10.433 INFO [main] org.apache.catalina.startup.VersionLoggerListener.log Command line argument: -Dsun.stdout.encoding=UTF-8
30-Sep-2026 14:44:10.433 INFO [main] org.apache.catalina.startup.VersionLoggerListener.log Command line argument: -Dsun.stderr.encoding=UTF-8
30-Sep-2026 14:44:10.438 INFO [main] org.apache.catalina.core.AprLifecycleListener.lifecycleEvent Loaded Apache Tomcat Native library [2.0.16] using APR version [1.7.6].
30-Sep-2026 14:44:10.447 INFO [main] org.apache.catalina.core.AprLifecycleListener.initializeSSL OpenSSL successfully initialized [OpenSSL 3.5.8 25 Aug 2026]
30-Sep-2026 14:44:10.834 INFO [main] org.apache.coyote.AbstractProtocol.init Initializing ProtocolHandler ["http-nio-8080"]
30-Sep-2026 14:44:10.851 INFO [main] org.apache.catalina.startup.Catalina.load Server initialization in [695] milliseconds
30-Sep-2026 14:44:10.915 INFO [main] org.apache.catalina.core.StandardService.startInternal Starting service [Catalina]
30-Sep-2026 14:44:10.915 INFO [main] org.apache.catalina.core.StandardEngine.startInternal Starting Servlet engine: [Apache Tomcat/10.1.60]
30-Sep-2026 14:44:10.930 INFO [main] org.apache.catalina.startup.HostConfig.deployDescriptor Deploying deployment descriptor [C:\Cookies-web\cookie-kitchen\conf\Catalina\localhost\cookie-kitchen.xml]
30-Sep-2026 14:44:12.265 INFO [main] org.apache.jasper.servlet.TldScanner.scanJars At least one JAR was scanned for TLDs yet contained no TLDs. Enable debug logging for this logger for a complete list of JARs that were scanned but no TLDs were found in them. Skipping unneeded JARs during scanning can improve startup time and JSP compilation time.
30-Sep-2026 14:44:12.369 INFO [main] org.apache.catalina.startup.HostConfig.deployDescriptor Deployment of deployment descriptor [C:\Cookies-web\cookie-kitchen\conf\Catalina\localhost\cookie-kitchen.xml] has finished in [1,434] ms
30-Sep-2026 14:44:12.373 INFO [main] org.apache.coyote.AbstractProtocol.start Starting ProtocolHandler ["http-nio-8080"]
30-Sep-2026 14:44:12.406 INFO [main] org.apache.catalina.startup.Catalina.start Server startup in [1548] milliseconds
30-Sep-2026 14:53:33.792 INFO [Thread-1] org.apache.coyote.AbstractProtocol.pause Pausing ProtocolHandler ["http-nio-8080"]
30-Sep-2026 14:53:33.815 INFO [Thread-1] org.apache.catalina.core.StandardService.stopInternal Stopping service [Catalina]
30-Sep-2026 14:53:33.886 INFO [Thread-1] org.apache.coyote.AbstractProtocol.stop Stopping ProtocolHandler ["http-nio-8080"]
30-Sep-2026 14:53:33.902 INFO [Thread-1] org.apache.coyote.AbstractProtocol.destroy Destroying ProtocolHandler ["http-nio-8080"]
30-Sep-2026 14:53:37.418 INFO [main] org.apache.catalina.startup.VersionLoggerListener.log Server version name:   Apache Tomcat/10.1.60
30-Sep-2026 14:53:37.421 INFO [main] org.apache.catalina.startup.VersionLoggerListener.log Server built:          Sep 9 2026 22:35:59 UTC
30-Sep-2026 14:53:37.422 INFO [main] org.apache.catalina.startup.VersionLoggerListener.log Server version number: 10.1.60.0
30-Sep-2026 14:53:37.422 INFO [main] org.apache.catalina.startup.VersionLoggerListener.log OS Name:               Windows 11
30-Sep-2026 14:53:37.422 INFO [main] org.apache.catalina.startup.VersionLoggerListener.log OS Version:            10.0
30-Sep-2026 14:53:37.422 INFO [main] org.apache.catalina.startup.VersionLoggerListener.log Architecture:          amd64
30-Sep-2026 14:53:37.422 INFO [main] org.apache.catalina.startup.VersionLoggerListener.log Java Home:             C:\Program Files\Java\jdk-26.0.1
30-Sep-2026 14:53:37.422 INFO [main] org.apache.catalina.startup.VersionLoggerListener.log JVM Version:           26.0.1+8-34
30-Sep-2026 14:53:37.422 INFO [main] org.apache.catalina.startup.VersionLoggerListener.log JVM Vendor:            Oracle Corporation
30-Sep-2026 14:53:37.422 INFO [main] org.apache.catalina.startup.VersionLoggerListener.log CATALINA_BASE:         C:\Cookies-web\cookie-kitchen
30-Sep-2026 14:53:37.422 INFO [main] org.apache.catalina.startup.VersionLoggerListener.log CATALINA_HOME:         C:\tomcat\apache-tomcat-10.1.60
30-Sep-2026 14:53:37.434 INFO [main] org.apache.catalina.startup.VersionLoggerListener.log Command line argument: --add-opens=java.base/java.lang=ALL-UNNAMED
30-Sep-2026 14:53:37.434 INFO [main] org.apache.catalina.startup.VersionLoggerListener.log Command line argument: --add-opens=java.base/java.io=ALL-UNNAMED
30-Sep-2026 14:53:37.434 INFO [main] org.apache.catalina.startup.VersionLoggerListener.log Command line argument: --add-opens=java.base/java.util=ALL-UNNAMED
30-Sep-2026 14:53:37.434 INFO [main] org.apache.catalina.startup.VersionLoggerListener.log Command line argument: --add-opens=java.base/java.util.concurrent=ALL-UNNAMED
30-Sep-2026 14:53:37.434 INFO [main] org.apache.catalina.startup.VersionLoggerListener.log Command line argument: --add-opens=java.rmi/sun.rmi.transport=ALL-UNNAMED
30-Sep-2026 14:53:37.435 INFO [main] org.apache.catalina.startup.VersionLoggerListener.log Command line argument: -Dcatalina.home=C:\..\..\..\..\..\tomcat\apache-tomcat-10.1.60
30-Sep-2026 14:53:37.435 INFO [main] org.apache.catalina.startup.VersionLoggerListener.log Command line argument: -Dcatalina.base=C:\Cookies-web\cookie-kitchen
30-Sep-2026 14:53:37.435 INFO [main] org.apache.catalina.startup.VersionLoggerListener.log Command line argument: -Djava.io.tmpdir=C:\Cookies-web\cookie-kitchen\temp
30-Sep-2026 14:53:37.435 INFO [main] org.apache.catalina.startup.VersionLoggerListener.log Command line argument: -Djava.util.logging.config.file=C:\Cookies-web\cookie-kitchen\conf\logging.properties
30-Sep-2026 14:53:37.435 INFO [main] org.apache.catalina.startup.VersionLoggerListener.log Command line argument: -Djava.util.logging.manager=org.apache.juli.ClassLoaderLogManager
30-Sep-2026 14:53:37.435 INFO [main] org.apache.catalina.startup.VersionLoggerListener.log Command line argument: -javaagent:C:\Program Files\JetBrains\IntelliJ IDEA 2026.2.3\lib\idea_rt.jar=58216
30-Sep-2026 14:53:37.435 INFO [main] org.apache.catalina.startup.VersionLoggerListener.log Command line argument: -Dfile.encoding=UTF-8
30-Sep-2026 14:53:37.435 INFO [main] org.apache.catalina.startup.VersionLoggerListener.log Command line argument: -Dsun.stdout.encoding=UTF-8
30-Sep-2026 14:53:37.435 INFO [main] org.apache.catalina.startup.VersionLoggerListener.log Command line argument: -Dsun.stderr.encoding=UTF-8
30-Sep-2026 14:53:37.440 INFO [main] org.apache.catalina.core.AprLifecycleListener.lifecycleEvent Loaded Apache Tomcat Native library [2.0.16] using APR version [1.7.6].
30-Sep-2026 14:53:37.451 INFO [main] org.apache.catalina.core.AprLifecycleListener.initializeSSL OpenSSL successfully initialized [OpenSSL 3.5.8 25 Aug 2026]
30-Sep-2026 14:53:37.809 INFO [main] org.apache.coyote.AbstractProtocol.init Initializing ProtocolHandler ["http-nio-8080"]
30-Sep-2026 14:53:37.829 INFO [main] org.apache.catalina.startup.Catalina.load Server initialization in [668] milliseconds
30-Sep-2026 14:53:37.898 INFO [main] org.apache.catalina.core.StandardService.startInternal Starting service [Catalina]
30-Sep-2026 14:53:37.898 INFO [main] org.apache.catalina.core.StandardEngine.startInternal Starting Servlet engine: [Apache Tomcat/10.1.60]
30-Sep-2026 14:53:37.914 INFO [main] org.apache.catalina.startup.HostConfig.deployDescriptor Deploying deployment descriptor [C:\Cookies-web\cookie-kitchen\conf\Catalina\localhost\cookie-kitchen.xml]
30-Sep-2026 14:53:39.349 INFO [main] org.apache.jasper.servlet.TldScanner.scanJars At least one JAR was scanned for TLDs yet contained no TLDs. Enable debug logging for this logger for a complete list of JARs that were scanned but no TLDs were found in them. Skipping unneeded JARs during scanning can improve startup time and JSP compilation time.
30-Sep-2026 14:53:39.452 INFO [main] org.apache.catalina.startup.HostConfig.deployDescriptor Deployment of deployment descriptor [C:\Cookies-web\cookie-kitchen\conf\Catalina\localhost\cookie-kitchen.xml] has finished in [1,534] ms
30-Sep-2026 14:53:39.457 INFO [main] org.apache.coyote.AbstractProtocol.start Starting ProtocolHandler ["http-nio-8080"]
30-Sep-2026 14:53:39.491 INFO [main] org.apache.catalina.startup.Catalina.start Server startup in [1655] milliseconds
30-Sep-2026 14:54:41.280 INFO [Thread-1] org.apache.coyote.AbstractProtocol.pause Pausing ProtocolHandler ["http-nio-8080"]
30-Sep-2026 14:54:41.285 INFO [Thread-1] org.apache.catalina.core.StandardService.stopInternal Stopping service [Catalina]
30-Sep-2026 14:54:41.294 INFO [Thread-1] org.apache.coyote.AbstractProtocol.stop Stopping ProtocolHandler ["http-nio-8080"]
30-Sep-2026 14:54:41.297 INFO [Thread-1] org.apache.coyote.AbstractProtocol.destroy Destroying ProtocolHandler ["http-nio-8080"]
30-Sep-2026 14:55:27.926 INFO [main] org.apache.catalina.startup.VersionLoggerListener.log Server version name:   Apache Tomcat/10.1.60
30-Sep-2026 14:55:27.929 INFO [main] org.apache.catalina.startup.VersionLoggerListener.log Server built:          Sep 9 2026 22:35:59 UTC
30-Sep-2026 14:55:27.929 INFO [main] org.apache.catalina.startup.VersionLoggerListener.log Server version number: 10.1.60.0
30-Sep-2026 14:55:27.930 INFO [main] org.apache.catalina.startup.VersionLoggerListener.log OS Name:               Windows 11
30-Sep-2026 14:55:27.930 INFO [main] org.apache.catalina.startup.VersionLoggerListener.log OS Version:            10.0
30-Sep-2026 14:55:27.930 INFO [main] org.apache.catalina.startup.VersionLoggerListener.log Architecture:          amd64
30-Sep-2026 14:55:27.930 INFO [main] org.apache.catalina.startup.VersionLoggerListener.log Java Home:             C:\Program Files\Java\jdk-26.0.1
30-Sep-2026 14:55:27.930 INFO [main] org.apache.catalina.startup.VersionLoggerListener.log JVM Version:           26.0.1+8-34
30-Sep-2026 14:55:27.930 INFO [main] org.apache.catalina.startup.VersionLoggerListener.log JVM Vendor:            Oracle Corporation
30-Sep-2026 14:55:27.930 INFO [main] org.apache.catalina.startup.VersionLoggerListener.log CATALINA_BASE:         C:\Cookies-web\cookie-kitchen
30-Sep-2026 14:55:27.930 INFO [main] org.apache.catalina.startup.VersionLoggerListener.log CATALINA_HOME:         C:\tomcat\apache-tomcat-10.1.60
30-Sep-2026 14:55:27.940 INFO [main] org.apache.catalina.startup.VersionLoggerListener.log Command line argument: --add-opens=java.base/java.lang=ALL-UNNAMED
30-Sep-2026 14:55:27.940 INFO [main] org.apache.catalina.startup.VersionLoggerListener.log Command line argument: --add-opens=java.base/java.io=ALL-UNNAMED
30-Sep-2026 14:55:27.940 INFO [main] org.apache.catalina.startup.VersionLoggerListener.log Command line argument: --add-opens=java.base/java.util=ALL-UNNAMED
30-Sep-2026 14:55:27.940 INFO [main] org.apache.catalina.startup.VersionLoggerListener.log Command line argument: --add-opens=java.base/java.util.concurrent=ALL-UNNAMED
30-Sep-2026 14:55:27.940 INFO [main] org.apache.catalina.startup.VersionLoggerListener.log Command line argument: --add-opens=java.rmi/sun.rmi.transport=ALL-UNNAMED
30-Sep-2026 14:55:27.940 INFO [main] org.apache.catalina.startup.VersionLoggerListener.log Command line argument: -Dcatalina.home=C:\..\..\..\..\..\tomcat\apache-tomcat-10.1.60
30-Sep-2026 14:55:27.940 INFO [main] org.apache.catalina.startup.VersionLoggerListener.log Command line argument: -Dcatalina.base=C:\Cookies-web\cookie-kitchen
30-Sep-2026 14:55:27.940 INFO [main] org.apache.catalina.startup.VersionLoggerListener.log Command line argument: -Djava.io.tmpdir=C:\Cookies-web\cookie-kitchen\temp
30-Sep-2026 14:55:27.940 INFO [main] org.apache.catalina.startup.VersionLoggerListener.log Command line argument: -Djava.util.logging.config.file=C:\Cookies-web\cookie-kitchen\conf\logging.properties
30-Sep-2026 14:55:27.941 INFO [main] org.apache.catalina.startup.VersionLoggerListener.log Command line argument: -Djava.util.logging.manager=org.apache.juli.ClassLoaderLogManager
30-Sep-2026 14:55:27.941 INFO [main] org.apache.catalina.startup.VersionLoggerListener.log Command line argument: -javaagent:C:\Program Files\JetBrains\IntelliJ IDEA 2026.2.3\lib\idea_rt.jar=53860
30-Sep-2026 14:55:27.941 INFO [main] org.apache.catalina.startup.VersionLoggerListener.log Command line argument: -Dfile.encoding=UTF-8
30-Sep-2026 14:55:27.941 INFO [main] org.apache.catalina.startup.VersionLoggerListener.log Command line argument: -Dsun.stdout.encoding=UTF-8
30-Sep-2026 14:55:27.941 INFO [main] org.apache.catalina.startup.VersionLoggerListener.log Command line argument: -Dsun.stderr.encoding=UTF-8
30-Sep-2026 14:55:27.946 INFO [main] org.apache.catalina.core.AprLifecycleListener.lifecycleEvent Loaded Apache Tomcat Native library [2.0.16] using APR version [1.7.6].
30-Sep-2026 14:55:27.957 INFO [main] org.apache.catalina.core.AprLifecycleListener.initializeSSL OpenSSL successfully initialized [OpenSSL 3.5.8 25 Aug 2026]
30-Sep-2026 14:55:28.308 INFO [main] org.apache.coyote.AbstractProtocol.init Initializing ProtocolHandler ["http-nio-8080"]
30-Sep-2026 14:55:28.328 INFO [main] org.apache.catalina.startup.Catalina.load Server initialization in [605] milliseconds
30-Sep-2026 14:55:28.404 INFO [main] org.apache.catalina.core.StandardService.startInternal Starting service [Catalina]
30-Sep-2026 14:55:28.405 INFO [main] org.apache.catalina.core.StandardEngine.startInternal Starting Servlet engine: [Apache Tomcat/10.1.60]
30-Sep-2026 14:55:28.424 INFO [main] org.apache.catalina.startup.HostConfig.deployDescriptor Deploying deployment descriptor [C:\Cookies-web\cookie-kitchen\conf\Catalina\localhost\cookie-kitchen.xml]
30-Sep-2026 14:55:29.945 INFO [main] org.apache.jasper.servlet.TldScanner.scanJars At least one JAR was scanned for TLDs yet contained no TLDs. Enable debug logging for this logger for a complete list of JARs that were scanned but no TLDs were found in them. Skipping unneeded JARs during scanning can improve startup time and JSP compilation time.
30-Sep-2026 14:55:30.037 INFO [main] org.apache.catalina.startup.HostConfig.deployDescriptor Deployment of deployment descriptor [C:\Cookies-web\cookie-kitchen\conf\Catalina\localhost\cookie-kitchen.xml] has finished in [1,609] ms
30-Sep-2026 14:55:30.042 INFO [main] org.apache.coyote.AbstractProtocol.start Starting ProtocolHandler ["http-nio-8080"]
30-Sep-2026 14:55:30.072 INFO [main] org.apache.catalina.startup.Catalina.start Server startup in [1740] milliseconds
30-Sep-2026 14:57:02.482 INFO [Thread-1] org.apache.coyote.AbstractProtocol.pause Pausing ProtocolHandler ["http-nio-8080"]
30-Sep-2026 14:57:02.487 INFO [Thread-1] org.apache.catalina.core.StandardService.stopInternal Stopping service [Catalina]
30-Sep-2026 14:57:02.499 INFO [Thread-1] org.apache.coyote.AbstractProtocol.stop Stopping ProtocolHandler ["http-nio-8080"]
30-Sep-2026 14:57:02.510 INFO [Thread-1] org.apache.coyote.AbstractProtocol.destroy Destroying ProtocolHandler ["http-nio-8080"]
30-Sep-2026 14:57:09.528 INFO [main] org.apache.catalina.startup.VersionLoggerListener.log Server version name:   Apache Tomcat/10.1.60
30-Sep-2026 14:57:09.532 INFO [main] org.apache.catalina.startup.VersionLoggerListener.log Server built:          Sep 9 2026 22:35:59 UTC
30-Sep-2026 14:57:09.533 INFO [main] org.apache.catalina.startup.VersionLoggerListener.log Server version number: 10.1.60.0
30-Sep-2026 14:57:09.533 INFO [main] org.apache.catalina.startup.VersionLoggerListener.log OS Name:               Windows 11
30-Sep-2026 14:57:09.533 INFO [main] org.apache.catalina.startup.VersionLoggerListener.log OS Version:            10.0
30-Sep-2026 14:57:09.533 INFO [main] org.apache.catalina.startup.VersionLoggerListener.log Architecture:          amd64
30-Sep-2026 14:57:09.533 INFO [main] org.apache.catalina.startup.VersionLoggerListener.log Java Home:             C:\Program Files\Java\jdk-26.0.1
30-Sep-2026 14:57:09.533 INFO [main] org.apache.catalina.startup.VersionLoggerListener.log JVM Version:           26.0.1+8-34
30-Sep-2026 14:57:09.533 INFO [main] org.apache.catalina.startup.VersionLoggerListener.log JVM Vendor:            Oracle Corporation
30-Sep-2026 14:57:09.533 INFO [main] org.apache.catalina.startup.VersionLoggerListener.log CATALINA_BASE:         C:\Cookies-web\cookie-kitchen
30-Sep-2026 14:57:09.533 INFO [main] org.apache.catalina.startup.VersionLoggerListener.log CATALINA_HOME:         C:\tomcat\apache-tomcat-10.1.60
30-Sep-2026 14:57:09.546 INFO [main] org.apache.catalina.startup.VersionLoggerListener.log Command line argument: --add-opens=java.base/java.lang=ALL-UNNAMED
30-Sep-2026 14:57:09.546 INFO [main] org.apache.catalina.startup.VersionLoggerListener.log Command line argument: --add-opens=java.base/java.io=ALL-UNNAMED
30-Sep-2026 14:57:09.546 INFO [main] org.apache.catalina.startup.VersionLoggerListener.log Command line argument: --add-opens=java.base/java.util=ALL-UNNAMED
30-Sep-2026 14:57:09.546 INFO [main] org.apache.catalina.startup.VersionLoggerListener.log Command line argument: --add-opens=java.base/java.util.concurrent=ALL-UNNAMED
30-Sep-2026 14:57:09.546 INFO [main] org.apache.catalina.startup.VersionLoggerListener.log Command line argument: --add-opens=java.rmi/sun.rmi.transport=ALL-UNNAMED
30-Sep-2026 14:57:09.546 INFO [main] org.apache.catalina.startup.VersionLoggerListener.log Command line argument: -Dcatalina.home=C:\..\..\..\..\..\tomcat\apache-tomcat-10.1.60
30-Sep-2026 14:57:09.547 INFO [main] org.apache.catalina.startup.VersionLoggerListener.log Command line argument: -Dcatalina.base=C:\Cookies-web\cookie-kitchen
30-Sep-2026 14:57:09.547 INFO [main] org.apache.catalina.startup.VersionLoggerListener.log Command line argument: -Djava.io.tmpdir=C:\Cookies-web\cookie-kitchen\temp
30-Sep-2026 14:57:09.547 INFO [main] org.apache.catalina.startup.VersionLoggerListener.log Command line argument: -Djava.util.logging.config.file=C:\Cookies-web\cookie-kitchen\conf\logging.properties
30-Sep-2026 14:57:09.547 INFO [main] org.apache.catalina.startup.VersionLoggerListener.log Command line argument: -Djava.util.logging.manager=org.apache.juli.ClassLoaderLogManager
30-Sep-2026 14:57:09.547 INFO [main] org.apache.catalina.startup.VersionLoggerListener.log Command line argument: -javaagent:C:\Program Files\JetBrains\IntelliJ IDEA 2026.2.3\lib\idea_rt.jar=54125
30-Sep-2026 14:57:09.547 INFO [main] org.apache.catalina.startup.VersionLoggerListener.log Command line argument: -Dfile.encoding=UTF-8
30-Sep-2026 14:57:09.547 INFO [main] org.apache.catalina.startup.VersionLoggerListener.log Command line argument: -Dsun.stdout.encoding=UTF-8
30-Sep-2026 14:57:09.547 INFO [main] org.apache.catalina.startup.VersionLoggerListener.log Command line argument: -Dsun.stderr.encoding=UTF-8
30-Sep-2026 14:57:09.551 INFO [main] org.apache.catalina.core.AprLifecycleListener.lifecycleEvent Loaded Apache Tomcat Native library [2.0.16] using APR version [1.7.6].
30-Sep-2026 14:57:09.562 INFO [main] org.apache.catalina.core.AprLifecycleListener.initializeSSL OpenSSL successfully initialized [OpenSSL 3.5.8 25 Aug 2026]
30-Sep-2026 14:57:09.945 INFO [main] org.apache.coyote.AbstractProtocol.init Initializing ProtocolHandler ["http-nio-8080"]
30-Sep-2026 14:57:09.975 INFO [main] org.apache.catalina.startup.Catalina.load Server initialization in [692] milliseconds
30-Sep-2026 14:57:10.021 INFO [main] org.apache.catalina.core.StandardService.startInternal Starting service [Catalina]
30-Sep-2026 14:57:10.022 INFO [main] org.apache.catalina.core.StandardEngine.startInternal Starting Servlet engine: [Apache Tomcat/10.1.60]
30-Sep-2026 14:57:10.036 INFO [main] org.apache.catalina.startup.HostConfig.deployDescriptor Deploying deployment descriptor [C:\Cookies-web\cookie-kitchen\conf\Catalina\localhost\cookie-kitchen.xml]
30-Sep-2026 14:57:11.552 INFO [main] org.apache.jasper.servlet.TldScanner.scanJars At least one JAR was scanned for TLDs yet contained no TLDs. Enable debug logging for this logger for a complete list of JARs that were scanned but no TLDs were found in them. Skipping unneeded JARs during scanning can improve startup time and JSP compilation time.
30-Sep-2026 14:57:11.643 INFO [main] org.apache.catalina.startup.HostConfig.deployDescriptor Deployment of deployment descriptor [C:\Cookies-web\cookie-kitchen\conf\Catalina\localhost\cookie-kitchen.xml] has finished in [1,603] ms
30-Sep-2026 14:57:11.647 INFO [main] org.apache.coyote.AbstractProtocol.start Starting ProtocolHandler ["http-nio-8080"]
30-Sep-2026 14:57:11.676 INFO [main] org.apache.catalina.startup.Catalina.start Server startup in [1698] milliseconds
30-Sep-2026 14:59:38.781 INFO [Thread-1] org.apache.coyote.AbstractProtocol.pause Pausing ProtocolHandler ["http-nio-8080"]
30-Sep-2026 14:59:38.787 INFO [Thread-1] org.apache.catalina.core.StandardService.stopInternal Stopping service [Catalina]
30-Sep-2026 14:59:38.796 INFO [Thread-1] org.apache.coyote.AbstractProtocol.stop Stopping ProtocolHandler ["http-nio-8080"]
30-Sep-2026 14:59:38.800 INFO [Thread-1] org.apache.coyote.AbstractProtocol.destroy Destroying ProtocolHandler ["http-nio-8080"]
30-Sep-2026 15:01:12.257 INFO [main] org.apache.catalina.startup.VersionLoggerListener.log Server version name:   Apache Tomcat/10.1.60
30-Sep-2026 15:01:12.261 INFO [main] org.apache.catalina.startup.VersionLoggerListener.log Server built:          Sep 9 2026 22:35:59 UTC
30-Sep-2026 15:01:12.261 INFO [main] org.apache.catalina.startup.VersionLoggerListener.log Server version number: 10.1.60.0
30-Sep-2026 15:01:12.262 INFO [main] org.apache.catalina.startup.VersionLoggerListener.log OS Name:               Windows 11
30-Sep-2026 15:01:12.262 INFO [main] org.apache.catalina.startup.VersionLoggerListener.log OS Version:            10.0
30-Sep-2026 15:01:12.262 INFO [main] org.apache.catalina.startup.VersionLoggerListener.log Architecture:          amd64
30-Sep-2026 15:01:12.262 INFO [main] org.apache.catalina.startup.VersionLoggerListener.log Java Home:             C:\Program Files\Java\jdk-26.0.1
30-Sep-2026 15:01:12.262 INFO [main] org.apache.catalina.startup.VersionLoggerListener.log JVM Version:           26.0.1+8-34
30-Sep-2026 15:01:12.262 INFO [main] org.apache.catalina.startup.VersionLoggerListener.log JVM Vendor:            Oracle Corporation
30-Sep-2026 15:01:12.262 INFO [main] org.apache.catalina.startup.VersionLoggerListener.log CATALINA_BASE:         C:\Cookies-web\cookie-kitchen
30-Sep-2026 15:01:12.262 INFO [main] org.apache.catalina.startup.VersionLoggerListener.log CATALINA_HOME:         C:\tomcat\apache-tomcat-10.1.60
30-Sep-2026 15:01:12.271 INFO [main] org.apache.catalina.startup.VersionLoggerListener.log Command line argument: --add-opens=java.base/java.lang=ALL-UNNAMED
30-Sep-2026 15:01:12.272 INFO [main] org.apache.catalina.startup.VersionLoggerListener.log Command line argument: --add-opens=java.base/java.io=ALL-UNNAMED
30-Sep-2026 15:01:12.272 INFO [main] org.apache.catalina.startup.VersionLoggerListener.log Command line argument: --add-opens=java.base/java.util=ALL-UNNAMED
30-Sep-2026 15:01:12.272 INFO [main] org.apache.catalina.startup.VersionLoggerListener.log Command line argument: --add-opens=java.base/java.util.concurrent=ALL-UNNAMED
30-Sep-2026 15:01:12.272 INFO [main] org.apache.catalina.startup.VersionLoggerListener.log Command line argument: --add-opens=java.rmi/sun.rmi.transport=ALL-UNNAMED
30-Sep-2026 15:01:12.272 INFO [main] org.apache.catalina.startup.VersionLoggerListener.log Command line argument: -Dcatalina.home=C:\..\..\..\..\..\tomcat\apache-tomcat-10.1.60
30-Sep-2026 15:01:12.272 INFO [main] org.apache.catalina.startup.VersionLoggerListener.log Command line argument: -Dcatalina.base=C:\Cookies-web\cookie-kitchen
30-Sep-2026 15:01:12.272 INFO [main] org.apache.catalina.startup.VersionLoggerListener.log Command line argument: -Djava.io.tmpdir=C:\Cookies-web\cookie-kitchen\temp
30-Sep-2026 15:01:12.272 INFO [main] org.apache.catalina.startup.VersionLoggerListener.log Command line argument: -Djava.util.logging.config.file=C:\Cookies-web\cookie-kitchen\conf\logging.properties
30-Sep-2026 15:01:12.272 INFO [main] org.apache.catalina.startup.VersionLoggerListener.log Command line argument: -Djava.util.logging.manager=org.apache.juli.ClassLoaderLogManager
30-Sep-2026 15:01:12.272 INFO [main] org.apache.catalina.startup.VersionLoggerListener.log Command line argument: -javaagent:C:\Program Files\JetBrains\IntelliJ IDEA 2026.2.3\lib\idea_rt.jar=63051
30-Sep-2026 15:01:12.273 INFO [main] org.apache.catalina.startup.VersionLoggerListener.log Command line argument: -Dfile.encoding=UTF-8
30-Sep-2026 15:01:12.273 INFO [main] org.apache.catalina.startup.VersionLoggerListener.log Command line argument: -Dsun.stdout.encoding=UTF-8
30-Sep-2026 15:01:12.273 INFO [main] org.apache.catalina.startup.VersionLoggerListener.log Command line argument: -Dsun.stderr.encoding=UTF-8
30-Sep-2026 15:01:12.276 INFO [main] org.apache.catalina.core.AprLifecycleListener.lifecycleEvent Loaded Apache Tomcat Native library [2.0.16] using APR version [1.7.6].
30-Sep-2026 15:01:12.286 INFO [main] org.apache.catalina.core.AprLifecycleListener.initializeSSL OpenSSL successfully initialized [OpenSSL 3.5.8 25 Aug 2026]
30-Sep-2026 15:01:12.645 INFO [main] org.apache.coyote.AbstractProtocol.init Initializing ProtocolHandler ["http-nio-8080"]
30-Sep-2026 15:01:12.670 INFO [main] org.apache.catalina.startup.Catalina.load Server initialization in [648] milliseconds
30-Sep-2026 15:01:12.731 INFO [main] org.apache.catalina.core.StandardService.startInternal Starting service [Catalina]
30-Sep-2026 15:01:12.731 INFO [main] org.apache.catalina.core.StandardEngine.startInternal Starting Servlet engine: [Apache Tomcat/10.1.60]
30-Sep-2026 15:01:12.745 INFO [main] org.apache.catalina.startup.HostConfig.deployDescriptor Deploying deployment descriptor [C:\Cookies-web\cookie-kitchen\conf\Catalina\localhost\cookie-kitchen.xml]
30-Sep-2026 15:01:14.435 INFO [main] org.apache.jasper.servlet.TldScanner.scanJars At least one JAR was scanned for TLDs yet contained no TLDs. Enable debug logging for this logger for a complete list of JARs that were scanned but no TLDs were found in them. Skipping unneeded JARs during scanning can improve startup time and JSP compilation time.
30-Sep-2026 15:01:14.534 INFO [main] org.apache.catalina.startup.HostConfig.deployDescriptor Deployment of deployment descriptor [C:\Cookies-web\cookie-kitchen\conf\Catalina\localhost\cookie-kitchen.xml] has finished in [1,784] ms
30-Sep-2026 15:01:14.541 INFO [main] org.apache.coyote.AbstractProtocol.start Starting ProtocolHandler ["http-nio-8080"]
30-Sep-2026 15:01:14.582 INFO [main] org.apache.catalina.startup.Catalina.start Server startup in [1905] milliseconds
30-Sep-2026 15:05:16.674 INFO [Thread-1] org.apache.coyote.AbstractProtocol.pause Pausing ProtocolHandler ["http-nio-8080"]
30-Sep-2026 15:05:16.681 INFO [Thread-1] org.apache.catalina.core.StandardService.stopInternal Stopping service [Catalina]
30-Sep-2026 15:05:16.689 INFO [Thread-1] org.apache.coyote.AbstractProtocol.stop Stopping ProtocolHandler ["http-nio-8080"]
30-Sep-2026 15:05:16.693 INFO [Thread-1] org.apache.coyote.AbstractProtocol.destroy Destroying ProtocolHandler ["http-nio-8080"]
30-Sep-2026 15:09:13.417 INFO [main] org.apache.catalina.startup.VersionLoggerListener.log Server version name:   Apache Tomcat/10.1.60
30-Sep-2026 15:09:13.420 INFO [main] org.apache.catalina.startup.VersionLoggerListener.log Server built:          Sep 9 2026 22:35:59 UTC
30-Sep-2026 15:09:13.421 INFO [main] org.apache.catalina.startup.VersionLoggerListener.log Server version number: 10.1.60.0
30-Sep-2026 15:09:13.421 INFO [main] org.apache.catalina.startup.VersionLoggerListener.log OS Name:               Windows 11
30-Sep-2026 15:09:13.421 INFO [main] org.apache.catalina.startup.VersionLoggerListener.log OS Version:            10.0
30-Sep-2026 15:09:13.421 INFO [main] org.apache.catalina.startup.VersionLoggerListener.log Architecture:          amd64
30-Sep-2026 15:09:13.421 INFO [main] org.apache.catalina.startup.VersionLoggerListener.log Java Home:             C:\Program Files\Java\jdk-26.0.1
30-Sep-2026 15:09:13.421 INFO [main] org.apache.catalina.startup.VersionLoggerListener.log JVM Version:           26.0.1+8-34
30-Sep-2026 15:09:13.421 INFO [main] org.apache.catalina.startup.VersionLoggerListener.log JVM Vendor:            Oracle Corporation
30-Sep-2026 15:09:13.422 INFO [main] org.apache.catalina.startup.VersionLoggerListener.log CATALINA_BASE:         C:\Cookies-web\cookie-kitchen
30-Sep-2026 15:09:13.422 INFO [main] org.apache.catalina.startup.VersionLoggerListener.log CATALINA_HOME:         C:\tomcat\apache-tomcat-10.1.60
30-Sep-2026 15:09:13.434 INFO [main] org.apache.catalina.startup.VersionLoggerListener.log Command line argument: --add-opens=java.base/java.lang=ALL-UNNAMED
30-Sep-2026 15:09:13.434 INFO [main] org.apache.catalina.startup.VersionLoggerListener.log Command line argument: --add-opens=java.base/java.io=ALL-UNNAMED
30-Sep-2026 15:09:13.434 INFO [main] org.apache.catalina.startup.VersionLoggerListener.log Command line argument: --add-opens=java.base/java.util=ALL-UNNAMED
30-Sep-2026 15:09:13.434 INFO [main] org.apache.catalina.startup.VersionLoggerListener.log Command line argument: --add-opens=java.base/java.util.concurrent=ALL-UNNAMED
30-Sep-2026 15:09:13.434 INFO [main] org.apache.catalina.startup.VersionLoggerListener.log Command line argument: --add-opens=java.rmi/sun.rmi.transport=ALL-UNNAMED
30-Sep-2026 15:09:13.434 INFO [main] org.apache.catalina.startup.VersionLoggerListener.log Command line argument: -Dcatalina.home=C:\..\..\..\..\..\tomcat\apache-tomcat-10.1.60
30-Sep-2026 15:09:13.434 INFO [main] org.apache.catalina.startup.VersionLoggerListener.log Command line argument: -Dcatalina.base=C:\Cookies-web\cookie-kitchen
30-Sep-2026 15:09:13.435 INFO [main] org.apache.catalina.startup.VersionLoggerListener.log Command line argument: -Djava.io.tmpdir=C:\Cookies-web\cookie-kitchen\temp
30-Sep-2026 15:09:13.435 INFO [main] org.apache.catalina.startup.VersionLoggerListener.log Command line argument: -Djava.util.logging.config.file=C:\Cookies-web\cookie-kitchen\conf\logging.properties
30-Sep-2026 15:09:13.435 INFO [main] org.apache.catalina.startup.VersionLoggerListener.log Command line argument: -Djava.util.logging.manager=org.apache.juli.ClassLoaderLogManager
30-Sep-2026 15:09:13.435 INFO [main] org.apache.catalina.startup.VersionLoggerListener.log Command line argument: -javaagent:C:\Program Files\JetBrains\IntelliJ IDEA 2026.2.3\lib\idea_rt.jar=60588
30-Sep-2026 15:09:13.435 INFO [main] org.apache.catalina.startup.VersionLoggerListener.log Command line argument: -Dfile.encoding=UTF-8
30-Sep-2026 15:09:13.435 INFO [main] org.apache.catalina.startup.VersionLoggerListener.log Command line argument: -Dsun.stdout.encoding=UTF-8
30-Sep-2026 15:09:13.435 INFO [main] org.apache.catalina.startup.VersionLoggerListener.log Command line argument: -Dsun.stderr.encoding=UTF-8
30-Sep-2026 15:09:13.439 INFO [main] org.apache.catalina.core.AprLifecycleListener.lifecycleEvent Loaded Apache Tomcat Native library [2.0.16] using APR version [1.7.6].
30-Sep-2026 15:09:13.449 INFO [main] org.apache.catalina.core.AprLifecycleListener.initializeSSL OpenSSL successfully initialized [OpenSSL 3.5.8 25 Aug 2026]
30-Sep-2026 15:09:13.842 INFO [main] org.apache.coyote.AbstractProtocol.init Initializing ProtocolHandler ["http-nio-8080"]
30-Sep-2026 15:09:13.884 INFO [main] org.apache.catalina.startup.Catalina.load Server initialization in [729] milliseconds
30-Sep-2026 15:09:13.940 INFO [main] org.apache.catalina.core.StandardService.startInternal Starting service [Catalina]
30-Sep-2026 15:09:13.940 INFO [main] org.apache.catalina.core.StandardEngine.startInternal Starting Servlet engine: [Apache Tomcat/10.1.60]
30-Sep-2026 15:09:13.955 INFO [main] org.apache.catalina.startup.HostConfig.deployDescriptor Deploying deployment descriptor [C:\Cookies-web\cookie-kitchen\conf\Catalina\localhost\cookie-kitchen.xml]
30-Sep-2026 15:09:15.413 INFO [main] org.apache.jasper.servlet.TldScanner.scanJars At least one JAR was scanned for TLDs yet contained no TLDs. Enable debug logging for this logger for a complete list of JARs that were scanned but no TLDs were found in them. Skipping unneeded JARs during scanning can improve startup time and JSP compilation time.
30-Sep-2026 15:09:15.511 INFO [main] org.apache.catalina.startup.HostConfig.deployDescriptor Deployment of deployment descriptor [C:\Cookies-web\cookie-kitchen\conf\Catalina\localhost\cookie-kitchen.xml] has finished in [1,553] ms
30-Sep-2026 15:09:15.515 INFO [main] org.apache.coyote.AbstractProtocol.start Starting ProtocolHandler ["http-nio-8080"]
30-Sep-2026 15:09:15.550 INFO [main] org.apache.catalina.startup.Catalina.start Server startup in [1660] milliseconds
30-Sep-2026 15:11:26.885 INFO [Thread-1] org.apache.coyote.AbstractProtocol.pause Pausing ProtocolHandler ["http-nio-8080"]
30-Sep-2026 15:11:26.891 INFO [Thread-1] org.apache.catalina.core.StandardService.stopInternal Stopping service [Catalina]
30-Sep-2026 15:11:26.899 INFO [Thread-1] org.apache.coyote.AbstractProtocol.stop Stopping ProtocolHandler ["http-nio-8080"]
30-Sep-2026 15:11:26.903 INFO [Thread-1] org.apache.coyote.AbstractProtocol.destroy Destroying ProtocolHandler ["http-nio-8080"]
30-Sep-2026 15:12:52.232 INFO [main] org.apache.catalina.startup.VersionLoggerListener.log Server version name:   Apache Tomcat/10.1.60
30-Sep-2026 15:12:52.235 INFO [main] org.apache.catalina.startup.VersionLoggerListener.log Server built:          Sep 9 2026 22:35:59 UTC
30-Sep-2026 15:12:52.236 INFO [main] org.apache.catalina.startup.VersionLoggerListener.log Server version number: 10.1.60.0
30-Sep-2026 15:12:52.236 INFO [main] org.apache.catalina.startup.VersionLoggerListener.log OS Name:               Windows 11
30-Sep-2026 15:12:52.236 INFO [main] org.apache.catalina.startup.VersionLoggerListener.log OS Version:            10.0
30-Sep-2026 15:12:52.236 INFO [main] org.apache.catalina.startup.VersionLoggerListener.log Architecture:          amd64
30-Sep-2026 15:12:52.236 INFO [main] org.apache.catalina.startup.VersionLoggerListener.log Java Home:             C:\Program Files\Java\jdk-26.0.1
30-Sep-2026 15:12:52.236 INFO [main] org.apache.catalina.startup.VersionLoggerListener.log JVM Version:           26.0.1+8-34
30-Sep-2026 15:12:52.236 INFO [main] org.apache.catalina.startup.VersionLoggerListener.log JVM Vendor:            Oracle Corporation
30-Sep-2026 15:12:52.237 INFO [main] org.apache.catalina.startup.VersionLoggerListener.log CATALINA_BASE:         C:\Cookies-web\cookie-kitchen
30-Sep-2026 15:12:52.237 INFO [main] org.apache.catalina.startup.VersionLoggerListener.log CATALINA_HOME:         C:\tomcat\apache-tomcat-10.1.60
30-Sep-2026 15:12:52.248 INFO [main] org.apache.catalina.startup.VersionLoggerListener.log Command line argument: --add-opens=java.base/java.lang=ALL-UNNAMED
30-Sep-2026 15:12:52.248 INFO [main] org.apache.catalina.startup.VersionLoggerListener.log Command line argument: --add-opens=java.base/java.io=ALL-UNNAMED
30-Sep-2026 15:12:52.248 INFO [main] org.apache.catalina.startup.VersionLoggerListener.log Command line argument: --add-opens=java.base/java.util=ALL-UNNAMED
30-Sep-2026 15:12:52.248 INFO [main] org.apache.catalina.startup.VersionLoggerListener.log Command line argument: --add-opens=java.base/java.util.concurrent=ALL-UNNAMED
30-Sep-2026 15:12:52.248 INFO [main] org.apache.catalina.startup.VersionLoggerListener.log Command line argument: --add-opens=java.rmi/sun.rmi.transport=ALL-UNNAMED
30-Sep-2026 15:12:52.248 INFO [main] org.apache.catalina.startup.VersionLoggerListener.log Command line argument: -Dcatalina.home=C:\..\..\..\..\..\tomcat\apache-tomcat-10.1.60
30-Sep-2026 15:12:52.248 INFO [main] org.apache.catalina.startup.VersionLoggerListener.log Command line argument: -Dcatalina.base=C:\Cookies-web\cookie-kitchen
30-Sep-2026 15:12:52.248 INFO [main] org.apache.catalina.startup.VersionLoggerListener.log Command line argument: -Djava.io.tmpdir=C:\Cookies-web\cookie-kitchen\temp
30-Sep-2026 15:12:52.248 INFO [main] org.apache.catalina.startup.VersionLoggerListener.log Command line argument: -Djava.util.logging.config.file=C:\Cookies-web\cookie-kitchen\conf\logging.properties
30-Sep-2026 15:12:52.249 INFO [main] org.apache.catalina.startup.VersionLoggerListener.log Command line argument: -Djava.util.logging.manager=org.apache.juli.ClassLoaderLogManager
30-Sep-2026 15:12:52.249 INFO [main] org.apache.catalina.startup.VersionLoggerListener.log Command line argument: -javaagent:C:\Program Files\JetBrains\IntelliJ IDEA 2026.2.3\lib\idea_rt.jar=57826
30-Sep-2026 15:12:52.249 INFO [main] org.apache.catalina.startup.VersionLoggerListener.log Command line argument: -Dfile.encoding=UTF-8
30-Sep-2026 15:12:52.249 INFO [main] org.apache.catalina.startup.VersionLoggerListener.log Command line argument: -Dsun.stdout.encoding=UTF-8
30-Sep-2026 15:12:52.249 INFO [main] org.apache.catalina.startup.VersionLoggerListener.log Command line argument: -Dsun.stderr.encoding=UTF-8
30-Sep-2026 15:12:52.253 INFO [main] org.apache.catalina.core.AprLifecycleListener.lifecycleEvent Loaded Apache Tomcat Native library [2.0.16] using APR version [1.7.6].
30-Sep-2026 15:12:52.266 INFO [main] org.apache.catalina.core.AprLifecycleListener.initializeSSL OpenSSL successfully initialized [OpenSSL 3.5.8 25 Aug 2026]
30-Sep-2026 15:12:52.712 INFO [main] org.apache.coyote.AbstractProtocol.init Initializing ProtocolHandler ["http-nio-8080"]
30-Sep-2026 15:12:52.732 INFO [main] org.apache.catalina.startup.Catalina.load Server initialization in [740] milliseconds
30-Sep-2026 15:12:52.799 INFO [main] org.apache.catalina.core.StandardService.startInternal Starting service [Catalina]
30-Sep-2026 15:12:52.800 INFO [main] org.apache.catalina.core.StandardEngine.startInternal Starting Servlet engine: [Apache Tomcat/10.1.60]
30-Sep-2026 15:12:52.819 INFO [main] org.apache.catalina.startup.HostConfig.deployDescriptor Deploying deployment descriptor [C:\Cookies-web\cookie-kitchen\conf\Catalina\localhost\cookie-kitchen.xml]
30-Sep-2026 15:12:54.279 INFO [main] org.apache.jasper.servlet.TldScanner.scanJars At least one JAR was scanned for TLDs yet contained no TLDs. Enable debug logging for this logger for a complete list of JARs that were scanned but no TLDs were found in them. Skipping unneeded JARs during scanning can improve startup time and JSP compilation time.
30-Sep-2026 15:12:54.369 INFO [main] org.apache.catalina.startup.HostConfig.deployDescriptor Deployment of deployment descriptor [C:\Cookies-web\cookie-kitchen\conf\Catalina\localhost\cookie-kitchen.xml] has finished in [1,546] ms
30-Sep-2026 15:12:54.373 INFO [main] org.apache.coyote.AbstractProtocol.start Starting ProtocolHandler ["http-nio-8080"]
30-Sep-2026 15:12:54.402 INFO [main] org.apache.catalina.startup.Catalina.start Server startup in [1662] milliseconds
30-Sep-2026 15:26:12.959 INFO [Thread-1] org.apache.coyote.AbstractProtocol.pause Pausing ProtocolHandler ["http-nio-8080"]
30-Sep-2026 15:26:12.964 INFO [Thread-1] org.apache.catalina.core.StandardService.stopInternal Stopping service [Catalina]
30-Sep-2026 15:26:12.975 INFO [Thread-1] org.apache.coyote.AbstractProtocol.stop Stopping ProtocolHandler ["http-nio-8080"]
30-Sep-2026 15:26:12.987 INFO [Thread-1] org.apache.coyote.AbstractProtocol.destroy Destroying ProtocolHandler ["http-nio-8080"]
30-Sep-2026 15:26:27.161 INFO [main] org.apache.catalina.startup.VersionLoggerListener.log Server version name:   Apache Tomcat/10.1.60
30-Sep-2026 15:26:27.165 INFO [main] org.apache.catalina.startup.VersionLoggerListener.log Server built:          Sep 9 2026 22:35:59 UTC
30-Sep-2026 15:26:27.165 INFO [main] org.apache.catalina.startup.VersionLoggerListener.log Server version number: 10.1.60.0
30-Sep-2026 15:26:27.165 INFO [main] org.apache.catalina.startup.VersionLoggerListener.log OS Name:               Windows 11
30-Sep-2026 15:26:27.165 INFO [main] org.apache.catalina.startup.VersionLoggerListener.log OS Version:            10.0
30-Sep-2026 15:26:27.165 INFO [main] org.apache.catalina.startup.VersionLoggerListener.log Architecture:          amd64
30-Sep-2026 15:26:27.165 INFO [main] org.apache.catalina.startup.VersionLoggerListener.log Java Home:             C:\Program Files\Java\jdk-26.0.1
30-Sep-2026 15:26:27.165 INFO [main] org.apache.catalina.startup.VersionLoggerListener.log JVM Version:           26.0.1+8-34
30-Sep-2026 15:26:27.166 INFO [main] org.apache.catalina.startup.VersionLoggerListener.log JVM Vendor:            Oracle Corporation
30-Sep-2026 15:26:27.166 INFO [main] org.apache.catalina.startup.VersionLoggerListener.log CATALINA_BASE:         C:\Cookies-web\cookie-kitchen
30-Sep-2026 15:26:27.166 INFO [main] org.apache.catalina.startup.VersionLoggerListener.log CATALINA_HOME:         C:\tomcat\apache-tomcat-10.1.60
30-Sep-2026 15:26:27.179 INFO [main] org.apache.catalina.startup.VersionLoggerListener.log Command line argument: --add-opens=java.base/java.lang=ALL-UNNAMED
30-Sep-2026 15:26:27.181 INFO [main] org.apache.catalina.startup.VersionLoggerListener.log Command line argument: --add-opens=java.base/java.io=ALL-UNNAMED
30-Sep-2026 15:26:27.184 INFO [main] org.apache.catalina.startup.VersionLoggerListener.log Command line argument: --add-opens=java.base/java.util=ALL-UNNAMED
30-Sep-2026 15:26:27.184 INFO [main] org.apache.catalina.startup.VersionLoggerListener.log Command line argument: --add-opens=java.base/java.util.concurrent=ALL-UNNAMED
30-Sep-2026 15:26:27.184 INFO [main] org.apache.catalina.startup.VersionLoggerListener.log Command line argument: --add-opens=java.rmi/sun.rmi.transport=ALL-UNNAMED
30-Sep-2026 15:26:27.184 INFO [main] org.apache.catalina.startup.VersionLoggerListener.log Command line argument: -Dcatalina.home=C:\..\..\..\..\..\tomcat\apache-tomcat-10.1.60
30-Sep-2026 15:26:27.184 INFO [main] org.apache.catalina.startup.VersionLoggerListener.log Command line argument: -Dcatalina.base=C:\Cookies-web\cookie-kitchen
30-Sep-2026 15:26:27.185 INFO [main] org.apache.catalina.startup.VersionLoggerListener.log Command line argument: -Djava.io.tmpdir=C:\Cookies-web\cookie-kitchen\temp
30-Sep-2026 15:26:27.185 INFO [main] org.apache.catalina.startup.VersionLoggerListener.log Command line argument: -Djava.util.logging.config.file=C:\Cookies-web\cookie-kitchen\conf\logging.properties
30-Sep-2026 15:26:27.185 INFO [main] org.apache.catalina.startup.VersionLoggerListener.log Command line argument: -Djava.util.logging.manager=org.apache.juli.ClassLoaderLogManager
30-Sep-2026 15:26:27.185 INFO [main] org.apache.catalina.startup.VersionLoggerListener.log Command line argument: -javaagent:C:\Program Files\JetBrains\IntelliJ IDEA 2026.2.3\lib\idea_rt.jar=55329
30-Sep-2026 15:26:27.185 INFO [main] org.apache.catalina.startup.VersionLoggerListener.log Command line argument: -Dfile.encoding=UTF-8
30-Sep-2026 15:26:27.185 INFO [main] org.apache.catalina.startup.VersionLoggerListener.log Command line argument: -Dsun.stdout.encoding=UTF-8
30-Sep-2026 15:26:27.185 INFO [main] org.apache.catalina.startup.VersionLoggerListener.log Command line argument: -Dsun.stderr.encoding=UTF-8
30-Sep-2026 15:26:27.189 INFO [main] org.apache.catalina.core.AprLifecycleListener.lifecycleEvent Loaded Apache Tomcat Native library [2.0.16] using APR version [1.7.6].
30-Sep-2026 15:26:27.199 INFO [main] org.apache.catalina.core.AprLifecycleListener.initializeSSL OpenSSL successfully initialized [OpenSSL 3.5.8 25 Aug 2026]
30-Sep-2026 15:26:27.617 INFO [main] org.apache.coyote.AbstractProtocol.init Initializing ProtocolHandler ["http-nio-8080"]
30-Sep-2026 15:26:27.633 INFO [main] org.apache.catalina.startup.Catalina.load Server initialization in [735] milliseconds
30-Sep-2026 15:26:27.692 INFO [main] org.apache.catalina.core.StandardService.startInternal Starting service [Catalina]
30-Sep-2026 15:26:27.693 INFO [main] org.apache.catalina.core.StandardEngine.startInternal Starting Servlet engine: [Apache Tomcat/10.1.60]
30-Sep-2026 15:26:27.723 INFO [main] org.apache.catalina.startup.HostConfig.deployDescriptor Deploying deployment descriptor [C:\Cookies-web\cookie-kitchen\conf\Catalina\localhost\cookie-kitchen.xml]
30-Sep-2026 15:26:28.842 INFO [main] org.apache.jasper.servlet.TldScanner.scanJars At least one JAR was scanned for TLDs yet contained no TLDs. Enable debug logging for this logger for a complete list of JARs that were scanned but no TLDs were found in them. Skipping unneeded JARs during scanning can improve startup time and JSP compilation time.
30-Sep-2026 15:26:28.909 INFO [main] org.apache.catalina.startup.HostConfig.deployDescriptor Deployment of deployment descriptor [C:\Cookies-web\cookie-kitchen\conf\Catalina\localhost\cookie-kitchen.xml] has finished in [1,183] ms
30-Sep-2026 15:26:28.913 INFO [main] org.apache.coyote.AbstractProtocol.start Starting ProtocolHandler ["http-nio-8080"]
30-Sep-2026 15:26:28.937 INFO [main] org.apache.catalina.startup.Catalina.start Server startup in [1299] milliseconds
30-Sep-2026 15:29:22.944 INFO [Thread-1] org.apache.coyote.AbstractProtocol.pause Pausing ProtocolHandler ["http-nio-8080"]
30-Sep-2026 15:29:22.953 INFO [Thread-1] org.apache.catalina.core.StandardService.stopInternal Stopping service [Catalina]
30-Sep-2026 15:29:22.964 INFO [Thread-1] org.apache.coyote.AbstractProtocol.stop Stopping ProtocolHandler ["http-nio-8080"]
30-Sep-2026 15:29:22.977 INFO [Thread-1] org.apache.coyote.AbstractProtocol.destroy Destroying ProtocolHandler ["http-nio-8080"]
30-Sep-2026 15:29:30.215 INFO [main] org.apache.catalina.startup.VersionLoggerListener.log Server version name:   Apache Tomcat/10.1.60
30-Sep-2026 15:29:30.218 INFO [main] org.apache.catalina.startup.VersionLoggerListener.log Server built:          Sep 9 2026 22:35:59 UTC
30-Sep-2026 15:29:30.219 INFO [main] org.apache.catalina.startup.VersionLoggerListener.log Server version number: 10.1.60.0
30-Sep-2026 15:29:30.219 INFO [main] org.apache.catalina.startup.VersionLoggerListener.log OS Name:               Windows 11
30-Sep-2026 15:29:30.219 INFO [main] org.apache.catalina.startup.VersionLoggerListener.log OS Version:            10.0
30-Sep-2026 15:29:30.219 INFO [main] org.apache.catalina.startup.VersionLoggerListener.log Architecture:          amd64
30-Sep-2026 15:29:30.219 INFO [main] org.apache.catalina.startup.VersionLoggerListener.log Java Home:             C:\Program Files\Java\jdk-26.0.1
30-Sep-2026 15:29:30.219 INFO [main] org.apache.catalina.startup.VersionLoggerListener.log JVM Version:           26.0.1+8-34
30-Sep-2026 15:29:30.219 INFO [main] org.apache.catalina.startup.VersionLoggerListener.log JVM Vendor:            Oracle Corporation
30-Sep-2026 15:29:30.220 INFO [main] org.apache.catalina.startup.VersionLoggerListener.log CATALINA_BASE:         C:\Cookies-web\cookie-kitchen
30-Sep-2026 15:29:30.220 INFO [main] org.apache.catalina.startup.VersionLoggerListener.log CATALINA_HOME:         C:\tomcat\apache-tomcat-10.1.60
30-Sep-2026 15:29:30.231 INFO [main] org.apache.catalina.startup.VersionLoggerListener.log Command line argument: --add-opens=java.base/java.lang=ALL-UNNAMED
30-Sep-2026 15:29:30.231 INFO [main] org.apache.catalina.startup.VersionLoggerListener.log Command line argument: --add-opens=java.base/java.io=ALL-UNNAMED
30-Sep-2026 15:29:30.231 INFO [main] org.apache.catalina.startup.VersionLoggerListener.log Command line argument: --add-opens=java.base/java.util=ALL-UNNAMED
30-Sep-2026 15:29:30.231 INFO [main] org.apache.catalina.startup.VersionLoggerListener.log Command line argument: --add-opens=java.base/java.util.concurrent=ALL-UNNAMED
30-Sep-2026 15:29:30.231 INFO [main] org.apache.catalina.startup.VersionLoggerListener.log Command line argument: --add-opens=java.rmi/sun.rmi.transport=ALL-UNNAMED
30-Sep-2026 15:29:30.231 INFO [main] org.apache.catalina.startup.VersionLoggerListener.log Command line argument: -Dcatalina.home=C:\..\..\..\..\..\tomcat\apache-tomcat-10.1.60
30-Sep-2026 15:29:30.232 INFO [main] org.apache.catalina.startup.VersionLoggerListener.log Command line argument: -Dcatalina.base=C:\Cookies-web\cookie-kitchen
30-Sep-2026 15:29:30.232 INFO [main] org.apache.catalina.startup.VersionLoggerListener.log Command line argument: -Djava.io.tmpdir=C:\Cookies-web\cookie-kitchen\temp
30-Sep-2026 15:29:30.232 INFO [main] org.apache.catalina.startup.VersionLoggerListener.log Command line argument: -Djava.util.logging.config.file=C:\Cookies-web\cookie-kitchen\conf\logging.properties
30-Sep-2026 15:29:30.232 INFO [main] org.apache.catalina.startup.VersionLoggerListener.log Command line argument: -Djava.util.logging.manager=org.apache.juli.ClassLoaderLogManager
30-Sep-2026 15:29:30.232 INFO [main] org.apache.catalina.startup.VersionLoggerListener.log Command line argument: -javaagent:C:\Program Files\JetBrains\IntelliJ IDEA 2026.2.3\lib\idea_rt.jar=56900
30-Sep-2026 15:29:30.232 INFO [main] org.apache.catalina.startup.VersionLoggerListener.log Command line argument: -Dfile.encoding=UTF-8
30-Sep-2026 15:29:30.232 INFO [main] org.apache.catalina.startup.VersionLoggerListener.log Command line argument: -Dsun.stdout.encoding=UTF-8
30-Sep-2026 15:29:30.232 INFO [main] org.apache.catalina.startup.VersionLoggerListener.log Command line argument: -Dsun.stderr.encoding=UTF-8
30-Sep-2026 15:29:30.238 INFO [main] org.apache.catalina.core.AprLifecycleListener.lifecycleEvent Loaded Apache Tomcat Native library [2.0.16] using APR version [1.7.6].
30-Sep-2026 15:29:30.247 INFO [main] org.apache.catalina.core.AprLifecycleListener.initializeSSL OpenSSL successfully initialized [OpenSSL 3.5.8 25 Aug 2026]
30-Sep-2026 15:29:30.752 INFO [main] org.apache.coyote.AbstractProtocol.init Initializing ProtocolHandler ["http-nio-8080"]
30-Sep-2026 15:29:30.779 INFO [main] org.apache.catalina.startup.Catalina.load Server initialization in [885] milliseconds
30-Sep-2026 15:29:30.856 INFO [main] org.apache.catalina.core.StandardService.startInternal Starting service [Catalina]
30-Sep-2026 15:29:30.856 INFO [main] org.apache.catalina.core.StandardEngine.startInternal Starting Servlet engine: [Apache Tomcat/10.1.60]
30-Sep-2026 15:29:30.870 INFO [main] org.apache.catalina.startup.HostConfig.deployDescriptor Deploying deployment descriptor [C:\Cookies-web\cookie-kitchen\conf\Catalina\localhost\cookie-kitchen.xml]
30-Sep-2026 15:29:32.102 INFO [main] org.apache.jasper.servlet.TldScanner.scanJars At least one JAR was scanned for TLDs yet contained no TLDs. Enable debug logging for this logger for a complete list of JARs that were scanned but no TLDs were found in them. Skipping unneeded JARs during scanning can improve startup time and JSP compilation time.
30-Sep-2026 15:29:32.183 INFO [main] org.apache.catalina.startup.HostConfig.deployDescriptor Deployment of deployment descriptor [C:\Cookies-web\cookie-kitchen\conf\Catalina\localhost\cookie-kitchen.xml] has finished in [1,309] ms
30-Sep-2026 15:29:32.188 INFO [main] org.apache.coyote.AbstractProtocol.start Starting ProtocolHandler ["http-nio-8080"]
30-Sep-2026 15:29:32.213 INFO [main] org.apache.catalina.startup.Catalina.start Server startup in [1431] milliseconds
30-Sep-2026 15:31:13.066 INFO [Thread-1] org.apache.coyote.AbstractProtocol.pause Pausing ProtocolHandler ["http-nio-8080"]
30-Sep-2026 15:31:13.073 INFO [Thread-1] org.apache.catalina.core.StandardService.stopInternal Stopping service [Catalina]
30-Sep-2026 15:31:13.080 INFO [Thread-1] org.apache.coyote.AbstractProtocol.stop Stopping ProtocolHandler ["http-nio-8080"]
30-Sep-2026 15:31:13.083 INFO [Thread-1] org.apache.coyote.AbstractProtocol.destroy Destroying ProtocolHandler ["http-nio-8080"]
30-Sep-2026 15:31:20.687 INFO [main] org.apache.catalina.startup.VersionLoggerListener.log Server version name:   Apache Tomcat/10.1.60
30-Sep-2026 15:31:20.691 INFO [main] org.apache.catalina.startup.VersionLoggerListener.log Server built:          Sep 9 2026 22:35:59 UTC
30-Sep-2026 15:31:20.691 INFO [main] org.apache.catalina.startup.VersionLoggerListener.log Server version number: 10.1.60.0
30-Sep-2026 15:31:20.691 INFO [main] org.apache.catalina.startup.VersionLoggerListener.log OS Name:               Windows 11
30-Sep-2026 15:31:20.691 INFO [main] org.apache.catalina.startup.VersionLoggerListener.log OS Version:            10.0
30-Sep-2026 15:31:20.691 INFO [main] org.apache.catalina.startup.VersionLoggerListener.log Architecture:          amd64
30-Sep-2026 15:31:20.691 INFO [main] org.apache.catalina.startup.VersionLoggerListener.log Java Home:             C:\Program Files\Java\jdk-26.0.1
30-Sep-2026 15:31:20.692 INFO [main] org.apache.catalina.startup.VersionLoggerListener.log JVM Version:           26.0.1+8-34
30-Sep-2026 15:31:20.692 INFO [main] org.apache.catalina.startup.VersionLoggerListener.log JVM Vendor:            Oracle Corporation
30-Sep-2026 15:31:20.692 INFO [main] org.apache.catalina.startup.VersionLoggerListener.log CATALINA_BASE:         C:\Cookies-web\cookie-kitchen
30-Sep-2026 15:31:20.692 INFO [main] org.apache.catalina.startup.VersionLoggerListener.log CATALINA_HOME:         C:\tomcat\apache-tomcat-10.1.60
30-Sep-2026 15:31:20.703 INFO [main] org.apache.catalina.startup.VersionLoggerListener.log Command line argument: --add-opens=java.base/java.lang=ALL-UNNAMED
30-Sep-2026 15:31:20.704 INFO [main] org.apache.catalina.startup.VersionLoggerListener.log Command line argument: --add-opens=java.base/java.io=ALL-UNNAMED
30-Sep-2026 15:31:20.704 INFO [main] org.apache.catalina.startup.VersionLoggerListener.log Command line argument: --add-opens=java.base/java.util=ALL-UNNAMED
30-Sep-2026 15:31:20.704 INFO [main] org.apache.catalina.startup.VersionLoggerListener.log Command line argument: --add-opens=java.base/java.util.concurrent=ALL-UNNAMED
30-Sep-2026 15:31:20.704 INFO [main] org.apache.catalina.startup.VersionLoggerListener.log Command line argument: --add-opens=java.rmi/sun.rmi.transport=ALL-UNNAMED
30-Sep-2026 15:31:20.704 INFO [main] org.apache.catalina.startup.VersionLoggerListener.log Command line argument: -Dcatalina.home=C:\..\..\..\..\..\tomcat\apache-tomcat-10.1.60
30-Sep-2026 15:31:20.704 INFO [main] org.apache.catalina.startup.VersionLoggerListener.log Command line argument: -Dcatalina.base=C:\Cookies-web\cookie-kitchen
30-Sep-2026 15:31:20.704 INFO [main] org.apache.catalina.startup.VersionLoggerListener.log Command line argument: -Djava.io.tmpdir=C:\Cookies-web\cookie-kitchen\temp
30-Sep-2026 15:31:20.704 INFO [main] org.apache.catalina.startup.VersionLoggerListener.log Command line argument: -Djava.util.logging.config.file=C:\Cookies-web\cookie-kitchen\conf\logging.properties
30-Sep-2026 15:31:20.704 INFO [main] org.apache.catalina.startup.VersionLoggerListener.log Command line argument: -Djava.util.logging.manager=org.apache.juli.ClassLoaderLogManager
30-Sep-2026 15:31:20.704 INFO [main] org.apache.catalina.startup.VersionLoggerListener.log Command line argument: -javaagent:C:\Program Files\JetBrains\IntelliJ IDEA 2026.2.3\lib\idea_rt.jar=52854
30-Sep-2026 15:31:20.705 INFO [main] org.apache.catalina.startup.VersionLoggerListener.log Command line argument: -Dfile.encoding=UTF-8
30-Sep-2026 15:31:20.705 INFO [main] org.apache.catalina.startup.VersionLoggerListener.log Command line argument: -Dsun.stdout.encoding=UTF-8
30-Sep-2026 15:31:20.705 INFO [main] org.apache.catalina.startup.VersionLoggerListener.log Command line argument: -Dsun.stderr.encoding=UTF-8
30-Sep-2026 15:31:20.709 INFO [main] org.apache.catalina.core.AprLifecycleListener.lifecycleEvent Loaded Apache Tomcat Native library [2.0.16] using APR version [1.7.6].
30-Sep-2026 15:31:20.721 INFO [main] org.apache.catalina.core.AprLifecycleListener.initializeSSL OpenSSL successfully initialized [OpenSSL 3.5.8 25 Aug 2026]
30-Sep-2026 15:31:21.209 INFO [main] org.apache.coyote.AbstractProtocol.init Initializing ProtocolHandler ["http-nio-8080"]
30-Sep-2026 15:31:21.228 INFO [main] org.apache.catalina.startup.Catalina.load Server initialization in [858] milliseconds
30-Sep-2026 15:31:21.282 INFO [main] org.apache.catalina.core.StandardService.startInternal Starting service [Catalina]
30-Sep-2026 15:31:21.282 INFO [main] org.apache.catalina.core.StandardEngine.startInternal Starting Servlet engine: [Apache Tomcat/10.1.60]
30-Sep-2026 15:31:21.301 INFO [main] org.apache.catalina.startup.HostConfig.deployDescriptor Deploying deployment descriptor [C:\Cookies-web\cookie-kitchen\conf\Catalina\localhost\cookie-kitchen.xml]
30-Sep-2026 15:31:22.585 INFO [main] org.apache.jasper.servlet.TldScanner.scanJars At least one JAR was scanned for TLDs yet contained no TLDs. Enable debug logging for this logger for a complete list of JARs that were scanned but no TLDs were found in them. Skipping unneeded JARs during scanning can improve startup time and JSP compilation time.
30-Sep-2026 15:31:22.658 INFO [main] org.apache.catalina.startup.HostConfig.deployDescriptor Deployment of deployment descriptor [C:\Cookies-web\cookie-kitchen\conf\Catalina\localhost\cookie-kitchen.xml] has finished in [1,353] ms
30-Sep-2026 15:31:22.662 INFO [main] org.apache.coyote.AbstractProtocol.start Starting ProtocolHandler ["http-nio-8080"]
30-Sep-2026 15:31:22.689 INFO [main] org.apache.catalina.startup.Catalina.start Server startup in [1459] milliseconds
30-Sep-2026 15:32:55.572 INFO [Thread-1] org.apache.coyote.AbstractProtocol.pause Pausing ProtocolHandler ["http-nio-8080"]
30-Sep-2026 15:32:55.577 INFO [Thread-1] org.apache.catalina.core.StandardService.stopInternal Stopping service [Catalina]
30-Sep-2026 15:32:55.586 INFO [Thread-1] org.apache.coyote.AbstractProtocol.stop Stopping ProtocolHandler ["http-nio-8080"]
30-Sep-2026 15:32:55.589 INFO [Thread-1] org.apache.coyote.AbstractProtocol.destroy Destroying ProtocolHandler ["http-nio-8080"]
30-Sep-2026 15:37:59.113 INFO [main] org.apache.catalina.startup.VersionLoggerListener.log Server version name:   Apache Tomcat/10.1.60
30-Sep-2026 15:37:59.119 INFO [main] org.apache.catalina.startup.VersionLoggerListener.log Server built:          Sep 9 2026 22:35:59 UTC
30-Sep-2026 15:37:59.119 INFO [main] org.apache.catalina.startup.VersionLoggerListener.log Server version number: 10.1.60.0
30-Sep-2026 15:37:59.119 INFO [main] org.apache.catalina.startup.VersionLoggerListener.log OS Name:               Windows 11
30-Sep-2026 15:37:59.119 INFO [main] org.apache.catalina.startup.VersionLoggerListener.log OS Version:            10.0
30-Sep-2026 15:37:59.119 INFO [main] org.apache.catalina.startup.VersionLoggerListener.log Architecture:          amd64
30-Sep-2026 15:37:59.119 INFO [main] org.apache.catalina.startup.VersionLoggerListener.log Java Home:             C:\Program Files\Java\jdk-26.0.1
30-Sep-2026 15:37:59.119 INFO [main] org.apache.catalina.startup.VersionLoggerListener.log JVM Version:           26.0.1+8-34
30-Sep-2026 15:37:59.120 INFO [main] org.apache.catalina.startup.VersionLoggerListener.log JVM Vendor:            Oracle Corporation
30-Sep-2026 15:37:59.120 INFO [main] org.apache.catalina.startup.VersionLoggerListener.log CATALINA_BASE:         C:\Cookies-web\cookie-kitchen
30-Sep-2026 15:37:59.120 INFO [main] org.apache.catalina.startup.VersionLoggerListener.log CATALINA_HOME:         C:\tomcat\apache-tomcat-10.1.60
30-Sep-2026 15:37:59.134 INFO [main] org.apache.catalina.startup.VersionLoggerListener.log Command line argument: --add-opens=java.base/java.lang=ALL-UNNAMED
30-Sep-2026 15:37:59.134 INFO [main] org.apache.catalina.startup.VersionLoggerListener.log Command line argument: --add-opens=java.base/java.io=ALL-UNNAMED
30-Sep-2026 15:37:59.135 INFO [main] org.apache.catalina.startup.VersionLoggerListener.log Command line argument: --add-opens=java.base/java.util=ALL-UNNAMED
30-Sep-2026 15:37:59.135 INFO [main] org.apache.catalina.startup.VersionLoggerListener.log Command line argument: --add-opens=java.base/java.util.concurrent=ALL-UNNAMED
30-Sep-2026 15:37:59.135 INFO [main] org.apache.catalina.startup.VersionLoggerListener.log Command line argument: --add-opens=java.rmi/sun.rmi.transport=ALL-UNNAMED
30-Sep-2026 15:37:59.135 INFO [main] org.apache.catalina.startup.VersionLoggerListener.log Command line argument: -Dcatalina.home=C:\..\..\..\..\..\tomcat\apache-tomcat-10.1.60
30-Sep-2026 15:37:59.135 INFO [main] org.apache.catalina.startup.VersionLoggerListener.log Command line argument: -Dcatalina.base=C:\Cookies-web\cookie-kitchen
30-Sep-2026 15:37:59.135 INFO [main] org.apache.catalina.startup.VersionLoggerListener.log Command line argument: -Djava.io.tmpdir=C:\Cookies-web\cookie-kitchen\temp
30-Sep-2026 15:37:59.135 INFO [main] org.apache.catalina.startup.VersionLoggerListener.log Command line argument: -Djava.util.logging.config.file=C:\Cookies-web\cookie-kitchen\conf\logging.properties
30-Sep-2026 15:37:59.135 INFO [main] org.apache.catalina.startup.VersionLoggerListener.log Command line argument: -Djava.util.logging.manager=org.apache.juli.ClassLoaderLogManager
30-Sep-2026 15:37:59.135 INFO [main] org.apache.catalina.startup.VersionLoggerListener.log Command line argument: -javaagent:C:\Program Files\JetBrains\IntelliJ IDEA 2026.2.3\lib\idea_rt.jar=64132
30-Sep-2026 15:37:59.135 INFO [main] org.apache.catalina.startup.VersionLoggerListener.log Command line argument: -Dfile.encoding=UTF-8
30-Sep-2026 15:37:59.135 INFO [main] org.apache.catalina.startup.VersionLoggerListener.log Command line argument: -Dsun.stdout.encoding=UTF-8
30-Sep-2026 15:37:59.136 INFO [main] org.apache.catalina.startup.VersionLoggerListener.log Command line argument: -Dsun.stderr.encoding=UTF-8
30-Sep-2026 15:37:59.139 INFO [main] org.apache.catalina.core.AprLifecycleListener.lifecycleEvent Loaded Apache Tomcat Native library [2.0.16] using APR version [1.7.6].
30-Sep-2026 15:37:59.150 INFO [main] org.apache.catalina.core.AprLifecycleListener.initializeSSL OpenSSL successfully initialized [OpenSSL 3.5.8 25 Aug 2026]
30-Sep-2026 15:37:59.583 INFO [main] org.apache.coyote.AbstractProtocol.init Initializing ProtocolHandler ["http-nio-8080"]
30-Sep-2026 15:37:59.606 INFO [main] org.apache.catalina.startup.Catalina.load Server initialization in [689] milliseconds
30-Sep-2026 15:37:59.681 INFO [main] org.apache.catalina.core.StandardService.startInternal Starting service [Catalina]
30-Sep-2026 15:37:59.682 INFO [main] org.apache.catalina.core.StandardEngine.startInternal Starting Servlet engine: [Apache Tomcat/10.1.60]
30-Sep-2026 15:37:59.696 INFO [main] org.apache.catalina.startup.HostConfig.deployDescriptor Deploying deployment descriptor [C:\Cookies-web\cookie-kitchen\conf\Catalina\localhost\cookie-kitchen.xml]
30-Sep-2026 15:38:00.959 INFO [main] org.apache.jasper.servlet.TldScanner.scanJars At least one JAR was scanned for TLDs yet contained no TLDs. Enable debug logging for this logger for a complete list of JARs that were scanned but no TLDs were found in them. Skipping unneeded JARs during scanning can improve startup time and JSP compilation time.
30-Sep-2026 15:38:01.033 INFO [main] org.apache.catalina.startup.HostConfig.deployDescriptor Deployment of deployment descriptor [C:\Cookies-web\cookie-kitchen\conf\Catalina\localhost\cookie-kitchen.xml] has finished in [1,335] ms
30-Sep-2026 15:38:01.038 INFO [main] org.apache.coyote.AbstractProtocol.start Starting ProtocolHandler ["http-nio-8080"]
30-Sep-2026 15:38:01.064 INFO [main] org.apache.catalina.startup.Catalina.start Server startup in [1456] milliseconds
30-Sep-2026 15:40:36.029 INFO [Thread-1] org.apache.coyote.AbstractProtocol.pause Pausing ProtocolHandler ["http-nio-8080"]
30-Sep-2026 15:40:36.035 INFO [Thread-1] org.apache.catalina.core.StandardService.stopInternal Stopping service [Catalina]
30-Sep-2026 15:40:36.040 WARNING [Thread-1] org.apache.catalina.loader.WebappClassLoaderBase.clearReferencesJdbc The web application [cookie-kitchen] registered the JDBC driver [com.mysql.cj.jdbc.Driver] but failed to unregister it when the web application was stopped. To prevent a memory leak, the JDBC Driver has been forcibly unregistered.
30-Sep-2026 15:40:36.041 WARNING [Thread-1] org.apache.catalina.loader.WebappClassLoaderBase.clearReferencesThreads The web application [cookie-kitchen] appears to have started a thread named [mysql-cj-abandoned-connection-cleanup] but has failed to stop it. This is very likely to create a memory leak. Stack trace of thread:
 java.base/java.lang.Object.wait0(Native Method)
 java.base/java.lang.Object.wait(Object.java:391)
 java.base/java.lang.ref.ReferenceQueue.remove0(ReferenceQueue.java:123)
 java.base/java.lang.ref.ReferenceQueue.remove(ReferenceQueue.java:201)
 com.mysql.cj.jdbc.AbandonedConnectionCleanupThread.run(AbandonedConnectionCleanupThread.java:84)
 java.base/java.util.concurrent.ThreadPoolExecutor.runWorker(ThreadPoolExecutor.java:1090)
 java.base/java.util.concurrent.ThreadPoolExecutor$Worker.run(ThreadPoolExecutor.java:614)
 java.base/java.lang.Thread.run(Thread.java:1516)
30-Sep-2026 15:40:36.044 INFO [Thread-1] org.apache.coyote.AbstractProtocol.stop Stopping ProtocolHandler ["http-nio-8080"]
30-Sep-2026 15:40:36.047 INFO [Thread-1] org.apache.coyote.AbstractProtocol.destroy Destroying ProtocolHandler ["http-nio-8080"]
30-Sep-2026 15:40:44.300 INFO [main] org.apache.catalina.startup.VersionLoggerListener.log Server version name:   Apache Tomcat/10.1.60
30-Sep-2026 15:40:44.304 INFO [main] org.apache.catalina.startup.VersionLoggerListener.log Server built:          Sep 9 2026 22:35:59 UTC
30-Sep-2026 15:40:44.304 INFO [main] org.apache.catalina.startup.VersionLoggerListener.log Server version number: 10.1.60.0
30-Sep-2026 15:40:44.304 INFO [main] org.apache.catalina.startup.VersionLoggerListener.log OS Name:               Windows 11
30-Sep-2026 15:40:44.304 INFO [main] org.apache.catalina.startup.VersionLoggerListener.log OS Version:            10.0
30-Sep-2026 15:40:44.304 INFO [main] org.apache.catalina.startup.VersionLoggerListener.log Architecture:          amd64
30-Sep-2026 15:40:44.304 INFO [main] org.apache.catalina.startup.VersionLoggerListener.log Java Home:             C:\Program Files\Java\jdk-26.0.1
30-Sep-2026 15:40:44.304 INFO [main] org.apache.catalina.startup.VersionLoggerListener.log JVM Version:           26.0.1+8-34
30-Sep-2026 15:40:44.305 INFO [main] org.apache.catalina.startup.VersionLoggerListener.log JVM Vendor:            Oracle Corporation
30-Sep-2026 15:40:44.305 INFO [main] org.apache.catalina.startup.VersionLoggerListener.log CATALINA_BASE:         C:\Cookies-web\cookie-kitchen
30-Sep-2026 15:40:44.305 INFO [main] org.apache.catalina.startup.VersionLoggerListener.log CATALINA_HOME:         C:\tomcat\apache-tomcat-10.1.60
30-Sep-2026 15:40:44.318 INFO [main] org.apache.catalina.startup.VersionLoggerListener.log Command line argument: --add-opens=java.base/java.lang=ALL-UNNAMED
30-Sep-2026 15:40:44.319 INFO [main] org.apache.catalina.startup.VersionLoggerListener.log Command line argument: --add-opens=java.base/java.io=ALL-UNNAMED
30-Sep-2026 15:40:44.319 INFO [main] org.apache.catalina.startup.VersionLoggerListener.log Command line argument: --add-opens=java.base/java.util=ALL-UNNAMED
30-Sep-2026 15:40:44.319 INFO [main] org.apache.catalina.startup.VersionLoggerListener.log Command line argument: --add-opens=java.base/java.util.concurrent=ALL-UNNAMED
30-Sep-2026 15:40:44.319 INFO [main] org.apache.catalina.startup.VersionLoggerListener.log Command line argument: --add-opens=java.rmi/sun.rmi.transport=ALL-UNNAMED
30-Sep-2026 15:40:44.319 INFO [main] org.apache.catalina.startup.VersionLoggerListener.log Command line argument: -Dcatalina.home=C:\..\..\..\..\..\tomcat\apache-tomcat-10.1.60
30-Sep-2026 15:40:44.319 INFO [main] org.apache.catalina.startup.VersionLoggerListener.log Command line argument: -Dcatalina.base=C:\Cookies-web\cookie-kitchen
30-Sep-2026 15:40:44.319 INFO [main] org.apache.catalina.startup.VersionLoggerListener.log Command line argument: -Djava.io.tmpdir=C:\Cookies-web\cookie-kitchen\temp
30-Sep-2026 15:40:44.319 INFO [main] org.apache.catalina.startup.VersionLoggerListener.log Command line argument: -Djava.util.logging.config.file=C:\Cookies-web\cookie-kitchen\conf\logging.properties
30-Sep-2026 15:40:44.319 INFO [main] org.apache.catalina.startup.VersionLoggerListener.log Command line argument: -Djava.util.logging.manager=org.apache.juli.ClassLoaderLogManager
30-Sep-2026 15:40:44.319 INFO [main] org.apache.catalina.startup.VersionLoggerListener.log Command line argument: -javaagent:C:\Program Files\JetBrains\IntelliJ IDEA 2026.2.3\lib\idea_rt.jar=59434
30-Sep-2026 15:40:44.319 INFO [main] org.apache.catalina.startup.VersionLoggerListener.log Command line argument: -Dfile.encoding=UTF-8
30-Sep-2026 15:40:44.319 INFO [main] org.apache.catalina.startup.VersionLoggerListener.log Command line argument: -Dsun.stdout.encoding=UTF-8
30-Sep-2026 15:40:44.321 INFO [main] org.apache.catalina.startup.VersionLoggerListener.log Command line argument: -Dsun.stderr.encoding=UTF-8
30-Sep-2026 15:40:44.324 INFO [main] org.apache.catalina.core.AprLifecycleListener.lifecycleEvent Loaded Apache Tomcat Native library [2.0.16] using APR version [1.7.6].
30-Sep-2026 15:40:44.337 INFO [main] org.apache.catalina.core.AprLifecycleListener.initializeSSL OpenSSL successfully initialized [OpenSSL 3.5.8 25 Aug 2026]
30-Sep-2026 15:40:44.793 INFO [main] org.apache.coyote.AbstractProtocol.init Initializing ProtocolHandler ["http-nio-8080"]
30-Sep-2026 15:40:44.827 INFO [main] org.apache.catalina.startup.Catalina.load Server initialization in [804] milliseconds
30-Sep-2026 15:40:44.886 INFO [main] org.apache.catalina.core.StandardService.startInternal Starting service [Catalina]
30-Sep-2026 15:40:44.886 INFO [main] org.apache.catalina.core.StandardEngine.startInternal Starting Servlet engine: [Apache Tomcat/10.1.60]
30-Sep-2026 15:40:44.909 INFO [main] org.apache.catalina.startup.HostConfig.deployDescriptor Deploying deployment descriptor [C:\Cookies-web\cookie-kitchen\conf\Catalina\localhost\cookie-kitchen.xml]
30-Sep-2026 15:40:46.324 INFO [main] org.apache.jasper.servlet.TldScanner.scanJars At least one JAR was scanned for TLDs yet contained no TLDs. Enable debug logging for this logger for a complete list of JARs that were scanned but no TLDs were found in them. Skipping unneeded JARs during scanning can improve startup time and JSP compilation time.
30-Sep-2026 15:40:46.388 INFO [main] org.apache.catalina.startup.HostConfig.deployDescriptor Deployment of deployment descriptor [C:\Cookies-web\cookie-kitchen\conf\Catalina\localhost\cookie-kitchen.xml] has finished in [1,476] ms
30-Sep-2026 15:40:46.391 INFO [main] org.apache.coyote.AbstractProtocol.start Starting ProtocolHandler ["http-nio-8080"]
30-Sep-2026 15:40:46.418 INFO [main] org.apache.catalina.startup.Catalina.start Server startup in [1588] milliseconds
30-Sep-2026 15:50:07.978 INFO [Thread-1] org.apache.coyote.AbstractProtocol.pause Pausing ProtocolHandler ["http-nio-8080"]
30-Sep-2026 15:50:07.985 INFO [Thread-1] org.apache.catalina.core.StandardService.stopInternal Stopping service [Catalina]
30-Sep-2026 15:50:07.992 WARNING [Thread-1] org.apache.catalina.loader.WebappClassLoaderBase.clearReferencesJdbc The web application [cookie-kitchen] registered the JDBC driver [com.mysql.cj.jdbc.Driver] but failed to unregister it when the web application was stopped. To prevent a memory leak, the JDBC Driver has been forcibly unregistered.
30-Sep-2026 15:50:07.993 WARNING [Thread-1] org.apache.catalina.loader.WebappClassLoaderBase.clearReferencesThreads The web application [cookie-kitchen] appears to have started a thread named [mysql-cj-abandoned-connection-cleanup] but has failed to stop it. This is very likely to create a memory leak. Stack trace of thread:
 java.base/java.lang.Object.wait0(Native Method)
 java.base/java.lang.Object.wait(Object.java:391)
 java.base/java.lang.ref.ReferenceQueue.remove0(ReferenceQueue.java:123)
 java.base/java.lang.ref.ReferenceQueue.remove(ReferenceQueue.java:201)
 com.mysql.cj.jdbc.AbandonedConnectionCleanupThread.run(AbandonedConnectionCleanupThread.java:84)
 java.base/java.util.concurrent.ThreadPoolExecutor.runWorker(ThreadPoolExecutor.java:1090)
 java.base/java.util.concurrent.ThreadPoolExecutor$Worker.run(ThreadPoolExecutor.java:614)
 java.base/java.lang.Thread.run(Thread.java:1516)
30-Sep-2026 15:50:07.997 INFO [Thread-1] org.apache.coyote.AbstractProtocol.stop Stopping ProtocolHandler ["http-nio-8080"]
30-Sep-2026 15:50:08.010 INFO [Thread-1] org.apache.coyote.AbstractProtocol.destroy Destroying ProtocolHandler ["http-nio-8080"]
30-Sep-2026 15:51:39.749 INFO [main] org.apache.catalina.startup.VersionLoggerListener.log Server version name:   Apache Tomcat/10.1.60
30-Sep-2026 15:51:39.752 INFO [main] org.apache.catalina.startup.VersionLoggerListener.log Server built:          Sep 9 2026 22:35:59 UTC
30-Sep-2026 15:51:39.753 INFO [main] org.apache.catalina.startup.VersionLoggerListener.log Server version number: 10.1.60.0
30-Sep-2026 15:51:39.753 INFO [main] org.apache.catalina.startup.VersionLoggerListener.log OS Name:               Windows 11
30-Sep-2026 15:51:39.753 INFO [main] org.apache.catalina.startup.VersionLoggerListener.log OS Version:            10.0
30-Sep-2026 15:51:39.753 INFO [main] org.apache.catalina.startup.VersionLoggerListener.log Architecture:          amd64
30-Sep-2026 15:51:39.753 INFO [main] org.apache.catalina.startup.VersionLoggerListener.log Java Home:             C:\Program Files\Java\jdk-26.0.1
30-Sep-2026 15:51:39.753 INFO [main] org.apache.catalina.startup.VersionLoggerListener.log JVM Version:           26.0.1+8-34
30-Sep-2026 15:51:39.753 INFO [main] org.apache.catalina.startup.VersionLoggerListener.log JVM Vendor:            Oracle Corporation
30-Sep-2026 15:51:39.753 INFO [main] org.apache.catalina.startup.VersionLoggerListener.log CATALINA_BASE:         C:\Cookies-web\cookie-kitchen
30-Sep-2026 15:51:39.753 INFO [main] org.apache.catalina.startup.VersionLoggerListener.log CATALINA_HOME:         C:\tomcat\apache-tomcat-10.1.60
30-Sep-2026 15:51:39.767 INFO [main] org.apache.catalina.startup.VersionLoggerListener.log Command line argument: --add-opens=java.base/java.lang=ALL-UNNAMED
30-Sep-2026 15:51:39.768 INFO [main] org.apache.catalina.startup.VersionLoggerListener.log Command line argument: --add-opens=java.base/java.io=ALL-UNNAMED
30-Sep-2026 15:51:39.769 INFO [main] org.apache.catalina.startup.VersionLoggerListener.log Command line argument: --add-opens=java.base/java.util=ALL-UNNAMED
30-Sep-2026 15:51:39.769 INFO [main] org.apache.catalina.startup.VersionLoggerListener.log Command line argument: --add-opens=java.base/java.util.concurrent=ALL-UNNAMED
30-Sep-2026 15:51:39.769 INFO [main] org.apache.catalina.startup.VersionLoggerListener.log Command line argument: --add-opens=java.rmi/sun.rmi.transport=ALL-UNNAMED
30-Sep-2026 15:51:39.769 INFO [main] org.apache.catalina.startup.VersionLoggerListener.log Command line argument: -Dcatalina.home=C:\..\..\..\..\..\tomcat\apache-tomcat-10.1.60
30-Sep-2026 15:51:39.769 INFO [main] org.apache.catalina.startup.VersionLoggerListener.log Command line argument: -Dcatalina.base=C:\Cookies-web\cookie-kitchen
30-Sep-2026 15:51:39.769 INFO [main] org.apache.catalina.startup.VersionLoggerListener.log Command line argument: -Djava.io.tmpdir=C:\Cookies-web\cookie-kitchen\temp
30-Sep-2026 15:51:39.769 INFO [main] org.apache.catalina.startup.VersionLoggerListener.log Command line argument: -Djava.util.logging.config.file=C:\Cookies-web\cookie-kitchen\conf\logging.properties
30-Sep-2026 15:51:39.770 INFO [main] org.apache.catalina.startup.VersionLoggerListener.log Command line argument: -Djava.util.logging.manager=org.apache.juli.ClassLoaderLogManager
30-Sep-2026 15:51:39.770 INFO [main] org.apache.catalina.startup.VersionLoggerListener.log Command line argument: -javaagent:C:\Program Files\JetBrains\IntelliJ IDEA 2026.2.3\lib\idea_rt.jar=62300
30-Sep-2026 15:51:39.770 INFO [main] org.apache.catalina.startup.VersionLoggerListener.log Command line argument: -Dfile.encoding=UTF-8
30-Sep-2026 15:51:39.770 INFO [main] org.apache.catalina.startup.VersionLoggerListener.log Command line argument: -Dsun.stdout.encoding=UTF-8
30-Sep-2026 15:51:39.770 INFO [main] org.apache.catalina.startup.VersionLoggerListener.log Command line argument: -Dsun.stderr.encoding=UTF-8
30-Sep-2026 15:51:39.776 INFO [main] org.apache.catalina.core.AprLifecycleListener.lifecycleEvent Loaded Apache Tomcat Native library [2.0.16] using APR version [1.7.6].
30-Sep-2026 15:51:39.788 INFO [main] org.apache.catalina.core.AprLifecycleListener.initializeSSL OpenSSL successfully initialized [OpenSSL 3.5.8 25 Aug 2026]
30-Sep-2026 15:51:40.565 INFO [main] org.apache.coyote.AbstractProtocol.init Initializing ProtocolHandler ["http-nio-8080"]
30-Sep-2026 15:51:40.589 INFO [main] org.apache.catalina.startup.Catalina.load Server initialization in [1164] milliseconds
30-Sep-2026 15:51:40.653 INFO [main] org.apache.catalina.core.StandardService.startInternal Starting service [Catalina]
30-Sep-2026 15:51:40.653 INFO [main] org.apache.catalina.core.StandardEngine.startInternal Starting Servlet engine: [Apache Tomcat/10.1.60]
30-Sep-2026 15:51:40.667 INFO [main] org.apache.catalina.startup.HostConfig.deployDescriptor Deploying deployment descriptor [C:\Cookies-web\cookie-kitchen\conf\Catalina\localhost\cookie-kitchen.xml]
30-Sep-2026 15:51:42.251 INFO [main] org.apache.jasper.servlet.TldScanner.scanJars At least one JAR was scanned for TLDs yet contained no TLDs. Enable debug logging for this logger for a complete list of JARs that were scanned but no TLDs were found in them. Skipping unneeded JARs during scanning can improve startup time and JSP compilation time.
30-Sep-2026 15:51:42.339 INFO [main] org.apache.catalina.startup.HostConfig.deployDescriptor Deployment of deployment descriptor [C:\Cookies-web\cookie-kitchen\conf\Catalina\localhost\cookie-kitchen.xml] has finished in [1,671] ms
30-Sep-2026 15:51:42.344 INFO [main] org.apache.coyote.AbstractProtocol.start Starting ProtocolHandler ["http-nio-8080"]
30-Sep-2026 15:51:42.374 INFO [main] org.apache.catalina.startup.Catalina.start Server startup in [1774] milliseconds
30-Sep-2026 16:01:28.199 INFO [Thread-1] org.apache.coyote.AbstractProtocol.pause Pausing ProtocolHandler ["http-nio-8080"]
30-Sep-2026 16:01:28.217 INFO [Thread-1] org.apache.catalina.core.StandardService.stopInternal Stopping service [Catalina]
30-Sep-2026 16:01:28.253 WARNING [Thread-1] org.apache.catalina.loader.WebappClassLoaderBase.clearReferencesJdbc The web application [cookie-kitchen] registered the JDBC driver [com.mysql.cj.jdbc.Driver] but failed to unregister it when the web application was stopped. To prevent a memory leak, the JDBC Driver has been forcibly unregistered.
30-Sep-2026 16:01:28.254 WARNING [Thread-1] org.apache.catalina.loader.WebappClassLoaderBase.clearReferencesThreads The web application [cookie-kitchen] appears to have started a thread named [mysql-cj-abandoned-connection-cleanup] but has failed to stop it. This is very likely to create a memory leak. Stack trace of thread:
 java.base/java.lang.Object.wait0(Native Method)
 java.base/java.lang.Object.wait(Object.java:391)
 java.base/java.lang.ref.ReferenceQueue.remove0(ReferenceQueue.java:123)
 java.base/java.lang.ref.ReferenceQueue.remove(ReferenceQueue.java:201)
 com.mysql.cj.jdbc.AbandonedConnectionCleanupThread.run(AbandonedConnectionCleanupThread.java:84)
 java.base/java.util.concurrent.ThreadPoolExecutor.runWorker(ThreadPoolExecutor.java:1090)
 java.base/java.util.concurrent.ThreadPoolExecutor$Worker.run(ThreadPoolExecutor.java:614)
 java.base/java.lang.Thread.run(Thread.java:1516)
30-Sep-2026 16:01:28.271 INFO [Thread-1] org.apache.coyote.AbstractProtocol.stop Stopping ProtocolHandler ["http-nio-8080"]
30-Sep-2026 16:01:28.289 INFO [Thread-1] org.apache.coyote.AbstractProtocol.destroy Destroying ProtocolHandler ["http-nio-8080"]
30-Sep-2026 16:01:51.596 INFO [main] org.apache.catalina.startup.VersionLoggerListener.log Server version name:   Apache Tomcat/10.1.60
30-Sep-2026 16:01:51.599 INFO [main] org.apache.catalina.startup.VersionLoggerListener.log Server built:          Sep 9 2026 22:35:59 UTC
30-Sep-2026 16:01:51.599 INFO [main] org.apache.catalina.startup.VersionLoggerListener.log Server version number: 10.1.60.0
30-Sep-2026 16:01:51.600 INFO [main] org.apache.catalina.startup.VersionLoggerListener.log OS Name:               Windows 11
30-Sep-2026 16:01:51.600 INFO [main] org.apache.catalina.startup.VersionLoggerListener.log OS Version:            10.0
30-Sep-2026 16:01:51.600 INFO [main] org.apache.catalina.startup.VersionLoggerListener.log Architecture:          amd64
30-Sep-2026 16:01:51.600 INFO [main] org.apache.catalina.startup.VersionLoggerListener.log Java Home:             C:\Program Files\Java\jdk-26.0.1
30-Sep-2026 16:01:51.600 INFO [main] org.apache.catalina.startup.VersionLoggerListener.log JVM Version:           26.0.1+8-34
30-Sep-2026 16:01:51.600 INFO [main] org.apache.catalina.startup.VersionLoggerListener.log JVM Vendor:            Oracle Corporation
30-Sep-2026 16:01:51.600 INFO [main] org.apache.catalina.startup.VersionLoggerListener.log CATALINA_BASE:         C:\Cookies-web\cookie-kitchen
30-Sep-2026 16:01:51.600 INFO [main] org.apache.catalina.startup.VersionLoggerListener.log CATALINA_HOME:         C:\tomcat\apache-tomcat-10.1.60
30-Sep-2026 16:01:51.616 INFO [main] org.apache.catalina.startup.VersionLoggerListener.log Command line argument: --add-opens=java.base/java.lang=ALL-UNNAMED
30-Sep-2026 16:01:51.616 INFO [main] org.apache.catalina.startup.VersionLoggerListener.log Command line argument: --add-opens=java.base/java.io=ALL-UNNAMED
30-Sep-2026 16:01:51.616 INFO [main] org.apache.catalina.startup.VersionLoggerListener.log Command line argument: --add-opens=java.base/java.util=ALL-UNNAMED
30-Sep-2026 16:01:51.616 INFO [main] org.apache.catalina.startup.VersionLoggerListener.log Command line argument: --add-opens=java.base/java.util.concurrent=ALL-UNNAMED
30-Sep-2026 16:01:51.616 INFO [main] org.apache.catalina.startup.VersionLoggerListener.log Command line argument: --add-opens=java.rmi/sun.rmi.transport=ALL-UNNAMED
30-Sep-2026 16:01:51.616 INFO [main] org.apache.catalina.startup.VersionLoggerListener.log Command line argument: -Dcatalina.home=C:\..\..\..\..\..\tomcat\apache-tomcat-10.1.60
30-Sep-2026 16:01:51.616 INFO [main] org.apache.catalina.startup.VersionLoggerListener.log Command line argument: -Dcatalina.base=C:\Cookies-web\cookie-kitchen
30-Sep-2026 16:01:51.616 INFO [main] org.apache.catalina.startup.VersionLoggerListener.log Command line argument: -Djava.io.tmpdir=C:\Cookies-web\cookie-kitchen\temp
30-Sep-2026 16:01:51.616 INFO [main] org.apache.catalina.startup.VersionLoggerListener.log Command line argument: -Djava.util.logging.config.file=C:\Cookies-web\cookie-kitchen\conf\logging.properties
30-Sep-2026 16:01:51.617 INFO [main] org.apache.catalina.startup.VersionLoggerListener.log Command line argument: -Djava.util.logging.manager=org.apache.juli.ClassLoaderLogManager
30-Sep-2026 16:01:51.617 INFO [main] org.apache.catalina.startup.VersionLoggerListener.log Command line argument: -javaagent:C:\Program Files\JetBrains\IntelliJ IDEA 2026.2.3\lib\idea_rt.jar=60819
30-Sep-2026 16:01:51.617 INFO [main] org.apache.catalina.startup.VersionLoggerListener.log Command line argument: -Dfile.encoding=UTF-8
30-Sep-2026 16:01:51.617 INFO [main] org.apache.catalina.startup.VersionLoggerListener.log Command line argument: -Dsun.stdout.encoding=UTF-8
30-Sep-2026 16:01:51.617 INFO [main] org.apache.catalina.startup.VersionLoggerListener.log Command line argument: -Dsun.stderr.encoding=UTF-8
30-Sep-2026 16:01:51.622 INFO [main] org.apache.catalina.core.AprLifecycleListener.lifecycleEvent Loaded Apache Tomcat Native library [2.0.16] using APR version [1.7.6].
30-Sep-2026 16:01:51.649 INFO [main] org.apache.catalina.core.AprLifecycleListener.initializeSSL OpenSSL successfully initialized [OpenSSL 3.5.8 25 Aug 2026]
30-Sep-2026 16:01:52.105 INFO [main] org.apache.coyote.AbstractProtocol.init Initializing ProtocolHandler ["http-nio-8080"]
30-Sep-2026 16:01:52.126 INFO [main] org.apache.catalina.startup.Catalina.load Server initialization in [904] milliseconds
30-Sep-2026 16:01:52.208 INFO [main] org.apache.catalina.core.StandardService.startInternal Starting service [Catalina]
30-Sep-2026 16:01:52.208 INFO [main] org.apache.catalina.core.StandardEngine.startInternal Starting Servlet engine: [Apache Tomcat/10.1.60]
30-Sep-2026 16:01:52.226 INFO [main] org.apache.catalina.startup.HostConfig.deployDescriptor Deploying deployment descriptor [C:\Cookies-web\cookie-kitchen\conf\Catalina\localhost\cookie-kitchen.xml]
30-Sep-2026 16:01:53.518 INFO [main] org.apache.jasper.servlet.TldScanner.scanJars At least one JAR was scanned for TLDs yet contained no TLDs. Enable debug logging for this logger for a complete list of JARs that were scanned but no TLDs were found in them. Skipping unneeded JARs during scanning can improve startup time and JSP compilation time.
30-Sep-2026 16:01:53.594 INFO [main] org.apache.catalina.startup.HostConfig.deployDescriptor Deployment of deployment descriptor [C:\Cookies-web\cookie-kitchen\conf\Catalina\localhost\cookie-kitchen.xml] has finished in [1,366] ms
30-Sep-2026 16:01:53.599 INFO [main] org.apache.coyote.AbstractProtocol.start Starting ProtocolHandler ["http-nio-8080"]
30-Sep-2026 16:01:53.628 INFO [main] org.apache.catalina.startup.Catalina.start Server startup in [1491] milliseconds
30-Sep-2026 16:02:47.313 INFO [Thread-1] org.apache.coyote.AbstractProtocol.pause Pausing ProtocolHandler ["http-nio-8080"]
30-Sep-2026 16:02:47.318 INFO [Thread-1] org.apache.catalina.core.StandardService.stopInternal Stopping service [Catalina]
30-Sep-2026 16:02:47.323 WARNING [Thread-1] org.apache.catalina.loader.WebappClassLoaderBase.clearReferencesJdbc The web application [cookie-kitchen] registered the JDBC driver [com.mysql.cj.jdbc.Driver] but failed to unregister it when the web application was stopped. To prevent a memory leak, the JDBC Driver has been forcibly unregistered.
30-Sep-2026 16:02:47.324 WARNING [Thread-1] org.apache.catalina.loader.WebappClassLoaderBase.clearReferencesThreads The web application [cookie-kitchen] appears to have started a thread named [mysql-cj-abandoned-connection-cleanup] but has failed to stop it. This is very likely to create a memory leak. Stack trace of thread:
 java.base/java.lang.Object.wait0(Native Method)
 java.base/java.lang.Object.wait(Object.java:391)
 java.base/java.lang.ref.ReferenceQueue.remove0(ReferenceQueue.java:123)
 java.base/java.lang.ref.ReferenceQueue.remove(ReferenceQueue.java:201)
 com.mysql.cj.jdbc.AbandonedConnectionCleanupThread.run(AbandonedConnectionCleanupThread.java:84)
 java.base/java.util.concurrent.ThreadPoolExecutor.runWorker(ThreadPoolExecutor.java:1090)
 java.base/java.util.concurrent.ThreadPoolExecutor$Worker.run(ThreadPoolExecutor.java:614)
 java.base/java.lang.Thread.run(Thread.java:1516)
30-Sep-2026 16:02:47.327 INFO [Thread-1] org.apache.coyote.AbstractProtocol.stop Stopping ProtocolHandler ["http-nio-8080"]
30-Sep-2026 16:02:47.336 INFO [Thread-1] org.apache.coyote.AbstractProtocol.destroy Destroying ProtocolHandler ["http-nio-8080"]
30-Sep-2026 16:02:55.731 INFO [main] org.apache.catalina.startup.VersionLoggerListener.log Server version name:   Apache Tomcat/10.1.60
30-Sep-2026 16:02:55.734 INFO [main] org.apache.catalina.startup.VersionLoggerListener.log Server built:          Sep 9 2026 22:35:59 UTC
30-Sep-2026 16:02:55.734 INFO [main] org.apache.catalina.startup.VersionLoggerListener.log Server version number: 10.1.60.0
30-Sep-2026 16:02:55.735 INFO [main] org.apache.catalina.startup.VersionLoggerListener.log OS Name:               Windows 11
30-Sep-2026 16:02:55.735 INFO [main] org.apache.catalina.startup.VersionLoggerListener.log OS Version:            10.0
30-Sep-2026 16:02:55.735 INFO [main] org.apache.catalina.startup.VersionLoggerListener.log Architecture:          amd64
30-Sep-2026 16:02:55.735 INFO [main] org.apache.catalina.startup.VersionLoggerListener.log Java Home:             C:\Program Files\Java\jdk-26.0.1
30-Sep-2026 16:02:55.735 INFO [main] org.apache.catalina.startup.VersionLoggerListener.log JVM Version:           26.0.1+8-34
30-Sep-2026 16:02:55.735 INFO [main] org.apache.catalina.startup.VersionLoggerListener.log JVM Vendor:            Oracle Corporation
30-Sep-2026 16:02:55.735 INFO [main] org.apache.catalina.startup.VersionLoggerListener.log CATALINA_BASE:         C:\Cookies-web\cookie-kitchen
30-Sep-2026 16:02:55.735 INFO [main] org.apache.catalina.startup.VersionLoggerListener.log CATALINA_HOME:         C:\tomcat\apache-tomcat-10.1.60
30-Sep-2026 16:02:55.746 INFO [main] org.apache.catalina.startup.VersionLoggerListener.log Command line argument: --add-opens=java.base/java.lang=ALL-UNNAMED
30-Sep-2026 16:02:55.746 INFO [main] org.apache.catalina.startup.VersionLoggerListener.log Command line argument: --add-opens=java.base/java.io=ALL-UNNAMED
30-Sep-2026 16:02:55.746 INFO [main] org.apache.catalina.startup.VersionLoggerListener.log Command line argument: --add-opens=java.base/java.util=ALL-UNNAMED
30-Sep-2026 16:02:55.746 INFO [main] org.apache.catalina.startup.VersionLoggerListener.log Command line argument: --add-opens=java.base/java.util.concurrent=ALL-UNNAMED
30-Sep-2026 16:02:55.746 INFO [main] org.apache.catalina.startup.VersionLoggerListener.log Command line argument: --add-opens=java.rmi/sun.rmi.transport=ALL-UNNAMED
30-Sep-2026 16:02:55.746 INFO [main] org.apache.catalina.startup.VersionLoggerListener.log Command line argument: -Dcatalina.home=C:\..\..\..\..\..\tomcat\apache-tomcat-10.1.60
30-Sep-2026 16:02:55.747 INFO [main] org.apache.catalina.startup.VersionLoggerListener.log Command line argument: -Dcatalina.base=C:\Cookies-web\cookie-kitchen
30-Sep-2026 16:02:55.747 INFO [main] org.apache.catalina.startup.VersionLoggerListener.log Command line argument: -Djava.io.tmpdir=C:\Cookies-web\cookie-kitchen\temp
30-Sep-2026 16:02:55.747 INFO [main] org.apache.catalina.startup.VersionLoggerListener.log Command line argument: -Djava.util.logging.config.file=C:\Cookies-web\cookie-kitchen\conf\logging.properties
30-Sep-2026 16:02:55.747 INFO [main] org.apache.catalina.startup.VersionLoggerListener.log Command line argument: -Djava.util.logging.manager=org.apache.juli.ClassLoaderLogManager
30-Sep-2026 16:02:55.747 INFO [main] org.apache.catalina.startup.VersionLoggerListener.log Command line argument: -javaagent:C:\Program Files\JetBrains\IntelliJ IDEA 2026.2.3\lib\idea_rt.jar=52922
30-Sep-2026 16:02:55.747 INFO [main] org.apache.catalina.startup.VersionLoggerListener.log Command line argument: -Dfile.encoding=UTF-8
30-Sep-2026 16:02:55.747 INFO [main] org.apache.catalina.startup.VersionLoggerListener.log Command line argument: -Dsun.stdout.encoding=UTF-8
30-Sep-2026 16:02:55.748 INFO [main] org.apache.catalina.startup.VersionLoggerListener.log Command line argument: -Dsun.stderr.encoding=UTF-8
30-Sep-2026 16:02:55.752 INFO [main] org.apache.catalina.core.AprLifecycleListener.lifecycleEvent Loaded Apache Tomcat Native library [2.0.16] using APR version [1.7.6].
30-Sep-2026 16:02:55.773 INFO [main] org.apache.catalina.core.AprLifecycleListener.initializeSSL OpenSSL successfully initialized [OpenSSL 3.5.8 25 Aug 2026]
30-Sep-2026 16:02:56.235 INFO [main] org.apache.coyote.AbstractProtocol.init Initializing ProtocolHandler ["http-nio-8080"]
30-Sep-2026 16:02:56.253 INFO [main] org.apache.catalina.startup.Catalina.load Server initialization in [875] milliseconds
30-Sep-2026 16:02:56.334 INFO [main] org.apache.catalina.core.StandardService.startInternal Starting service [Catalina]
30-Sep-2026 16:02:56.334 INFO [main] org.apache.catalina.core.StandardEngine.startInternal Starting Servlet engine: [Apache Tomcat/10.1.60]
30-Sep-2026 16:02:56.351 INFO [main] org.apache.catalina.startup.HostConfig.deployDescriptor Deploying deployment descriptor [C:\Cookies-web\cookie-kitchen\conf\Catalina\localhost\cookie-kitchen.xml]
30-Sep-2026 16:02:57.605 INFO [main] org.apache.jasper.servlet.TldScanner.scanJars At least one JAR was scanned for TLDs yet contained no TLDs. Enable debug logging for this logger for a complete list of JARs that were scanned but no TLDs were found in them. Skipping unneeded JARs during scanning can improve startup time and JSP compilation time.
30-Sep-2026 16:02:57.698 INFO [main] org.apache.catalina.startup.HostConfig.deployDescriptor Deployment of deployment descriptor [C:\Cookies-web\cookie-kitchen\conf\Catalina\localhost\cookie-kitchen.xml] has finished in [1,343] ms
30-Sep-2026 16:02:57.702 INFO [main] org.apache.coyote.AbstractProtocol.start Starting ProtocolHandler ["http-nio-8080"]
30-Sep-2026 16:02:57.729 INFO [main] org.apache.catalina.startup.Catalina.start Server startup in [1468] milliseconds
30-Sep-2026 16:08:16.379 INFO [Thread-1] org.apache.coyote.AbstractProtocol.pause Pausing ProtocolHandler ["http-nio-8080"]
30-Sep-2026 16:08:16.384 INFO [Thread-1] org.apache.catalina.core.StandardService.stopInternal Stopping service [Catalina]
30-Sep-2026 16:08:16.389 WARNING [Thread-1] org.apache.catalina.loader.WebappClassLoaderBase.clearReferencesJdbc The web application [cookie-kitchen] registered the JDBC driver [com.mysql.cj.jdbc.Driver] but failed to unregister it when the web application was stopped. To prevent a memory leak, the JDBC Driver has been forcibly unregistered.
30-Sep-2026 16:08:16.389 WARNING [Thread-1] org.apache.catalina.loader.WebappClassLoaderBase.clearReferencesThreads The web application [cookie-kitchen] appears to have started a thread named [mysql-cj-abandoned-connection-cleanup] but has failed to stop it. This is very likely to create a memory leak. Stack trace of thread:
 java.base/java.lang.Object.wait0(Native Method)
 java.base/java.lang.Object.wait(Object.java:391)
 java.base/java.lang.ref.ReferenceQueue.remove0(ReferenceQueue.java:123)
 java.base/java.lang.ref.ReferenceQueue.remove(ReferenceQueue.java:201)
 com.mysql.cj.jdbc.AbandonedConnectionCleanupThread.run(AbandonedConnectionCleanupThread.java:84)
 java.base/java.util.concurrent.ThreadPoolExecutor.runWorker(ThreadPoolExecutor.java:1090)
 java.base/java.util.concurrent.ThreadPoolExecutor$Worker.run(ThreadPoolExecutor.java:614)
 java.base/java.lang.Thread.run(Thread.java:1516)
30-Sep-2026 16:08:16.392 INFO [Thread-1] org.apache.coyote.AbstractProtocol.stop Stopping ProtocolHandler ["http-nio-8080"]
30-Sep-2026 16:08:16.395 INFO [Thread-1] org.apache.coyote.AbstractProtocol.destroy Destroying ProtocolHandler ["http-nio-8080"]
30-Sep-2026 16:08:16.418 INFO [mysql-cj-abandoned-connection-cleanup] org.apache.catalina.loader.WebappClassLoaderBase.checkStateForResourceLoading Illegal access: this web application instance has been stopped already. Could not load []. The following stack trace is thrown for debugging purposes as well as to attempt to terminate the thread which caused the illegal access.
	java.lang.IllegalStateException: Illegal access: this web application instance has been stopped already. Could not load []. The following stack trace is thrown for debugging purposes as well as to attempt to terminate the thread which caused the illegal access.
		at org.apache.catalina.loader.WebappClassLoaderBase.checkStateForResourceLoading(WebappClassLoaderBase.java:1500)
		at org.apache.catalina.loader.WebappClassLoaderBase.getResource(WebappClassLoaderBase.java:1067)
		at com.mysql.cj.jdbc.AbandonedConnectionCleanupThread.checkThreadContextClassLoader(AbandonedConnectionCleanupThread.java:116)
		at com.mysql.cj.jdbc.AbandonedConnectionCleanupThread.run(AbandonedConnectionCleanupThread.java:83)
		at java.base/java.util.concurrent.ThreadPoolExecutor.runWorker(ThreadPoolExecutor.java:1090)
		at java.base/java.util.concurrent.ThreadPoolExecutor$Worker.run(ThreadPoolExecutor.java:614)
		at java.base/java.lang.Thread.run(Thread.java:1516)
30-Sep-2026 16:29:07.335 INFO [main] org.apache.catalina.startup.VersionLoggerListener.log Server version name:   Apache Tomcat/10.1.60
30-Sep-2026 16:29:07.338 INFO [main] org.apache.catalina.startup.VersionLoggerListener.log Server built:          Sep 9 2026 22:35:59 UTC
30-Sep-2026 16:29:07.339 INFO [main] org.apache.catalina.startup.VersionLoggerListener.log Server version number: 10.1.60.0
30-Sep-2026 16:29:07.339 INFO [main] org.apache.catalina.startup.VersionLoggerListener.log OS Name:               Windows 11
30-Sep-2026 16:29:07.339 INFO [main] org.apache.catalina.startup.VersionLoggerListener.log OS Version:            10.0
30-Sep-2026 16:29:07.339 INFO [main] org.apache.catalina.startup.VersionLoggerListener.log Architecture:          amd64
30-Sep-2026 16:29:07.339 INFO [main] org.apache.catalina.startup.VersionLoggerListener.log Java Home:             C:\Program Files\Java\jdk-26.0.1
30-Sep-2026 16:29:07.339 INFO [main] org.apache.catalina.startup.VersionLoggerListener.log JVM Version:           26.0.1+8-34
30-Sep-2026 16:29:07.339 INFO [main] org.apache.catalina.startup.VersionLoggerListener.log JVM Vendor:            Oracle Corporation
30-Sep-2026 16:29:07.339 INFO [main] org.apache.catalina.startup.VersionLoggerListener.log CATALINA_BASE:         C:\Cookies-web\cookie-kitchen
30-Sep-2026 16:29:07.339 INFO [main] org.apache.catalina.startup.VersionLoggerListener.log CATALINA_HOME:         C:\tomcat\apache-tomcat-10.1.60
30-Sep-2026 16:29:07.365 INFO [main] org.apache.catalina.startup.VersionLoggerListener.log Command line argument: --add-opens=java.base/java.lang=ALL-UNNAMED
30-Sep-2026 16:29:07.365 INFO [main] org.apache.catalina.startup.VersionLoggerListener.log Command line argument: --add-opens=java.base/java.io=ALL-UNNAMED
30-Sep-2026 16:29:07.365 INFO [main] org.apache.catalina.startup.VersionLoggerListener.log Command line argument: --add-opens=java.base/java.util=ALL-UNNAMED
30-Sep-2026 16:29:07.365 INFO [main] org.apache.catalina.startup.VersionLoggerListener.log Command line argument: --add-opens=java.base/java.util.concurrent=ALL-UNNAMED
30-Sep-2026 16:29:07.365 INFO [main] org.apache.catalina.startup.VersionLoggerListener.log Command line argument: --add-opens=java.rmi/sun.rmi.transport=ALL-UNNAMED
30-Sep-2026 16:29:07.365 INFO [main] org.apache.catalina.startup.VersionLoggerListener.log Command line argument: -Dcatalina.home=C:\..\..\..\..\..\tomcat\apache-tomcat-10.1.60
30-Sep-2026 16:29:07.365 INFO [main] org.apache.catalina.startup.VersionLoggerListener.log Command line argument: -Dcatalina.base=C:\Cookies-web\cookie-kitchen
30-Sep-2026 16:29:07.365 INFO [main] org.apache.catalina.startup.VersionLoggerListener.log Command line argument: -Djava.io.tmpdir=C:\Cookies-web\cookie-kitchen\temp
30-Sep-2026 16:29:07.365 INFO [main] org.apache.catalina.startup.VersionLoggerListener.log Command line argument: -Djava.util.logging.config.file=C:\Cookies-web\cookie-kitchen\conf\logging.properties
30-Sep-2026 16:29:07.365 INFO [main] org.apache.catalina.startup.VersionLoggerListener.log Command line argument: -Djava.util.logging.manager=org.apache.juli.ClassLoaderLogManager
30-Sep-2026 16:29:07.365 INFO [main] org.apache.catalina.startup.VersionLoggerListener.log Command line argument: -javaagent:C:\Program Files\JetBrains\IntelliJ IDEA 2026.2.3\lib\idea_rt.jar=59728
30-Sep-2026 16:29:07.365 INFO [main] org.apache.catalina.startup.VersionLoggerListener.log Command line argument: -Dfile.encoding=UTF-8
30-Sep-2026 16:29:07.366 INFO [main] org.apache.catalina.startup.VersionLoggerListener.log Command line argument: -Dsun.stdout.encoding=UTF-8
30-Sep-2026 16:29:07.366 INFO [main] org.apache.catalina.startup.VersionLoggerListener.log Command line argument: -Dsun.stderr.encoding=UTF-8
30-Sep-2026 16:29:07.376 INFO [main] org.apache.catalina.core.AprLifecycleListener.lifecycleEvent Loaded Apache Tomcat Native library [2.0.16] using APR version [1.7.6].
30-Sep-2026 16:29:07.416 INFO [main] org.apache.catalina.core.AprLifecycleListener.initializeSSL OpenSSL successfully initialized [OpenSSL 3.5.8 25 Aug 2026]
30-Sep-2026 16:29:07.985 INFO [main] org.apache.coyote.AbstractProtocol.init Initializing ProtocolHandler ["http-nio-8080"]
30-Sep-2026 16:29:08.003 INFO [main] org.apache.catalina.startup.Catalina.load Server initialization in [1134] milliseconds
30-Sep-2026 16:29:08.086 INFO [main] org.apache.catalina.core.StandardService.startInternal Starting service [Catalina]
30-Sep-2026 16:29:08.087 INFO [main] org.apache.catalina.core.StandardEngine.startInternal Starting Servlet engine: [Apache Tomcat/10.1.60]
30-Sep-2026 16:29:08.104 INFO [main] org.apache.catalina.startup.HostConfig.deployDescriptor Deploying deployment descriptor [C:\Cookies-web\cookie-kitchen\conf\Catalina\localhost\cookie-kitchen.xml]
30-Sep-2026 16:29:09.920 INFO [main] org.apache.jasper.servlet.TldScanner.scanJars At least one JAR was scanned for TLDs yet contained no TLDs. Enable debug logging for this logger for a complete list of JARs that were scanned but no TLDs were found in them. Skipping unneeded JARs during scanning can improve startup time and JSP compilation time.
30-Sep-2026 16:29:10.000 INFO [main] org.apache.catalina.startup.HostConfig.deployDescriptor Deployment of deployment descriptor [C:\Cookies-web\cookie-kitchen\conf\Catalina\localhost\cookie-kitchen.xml] has finished in [1,892] ms
30-Sep-2026 16:29:10.004 INFO [main] org.apache.coyote.AbstractProtocol.start Starting ProtocolHandler ["http-nio-8080"]
30-Sep-2026 16:29:10.032 INFO [main] org.apache.catalina.startup.Catalina.start Server startup in [2026] milliseconds
30-Sep-2026 16:31:40.698 INFO [Catalina-utility-2] org.apache.catalina.startup.HostConfig.undeploy Undeploying context [/cookie-kitchen]
30-Sep-2026 16:31:40.704 WARNING [Catalina-utility-2] org.apache.catalina.loader.WebappClassLoaderBase.clearReferencesJdbc The web application [cookie-kitchen] registered the JDBC driver [com.mysql.cj.jdbc.Driver] but failed to unregister it when the web application was stopped. To prevent a memory leak, the JDBC Driver has been forcibly unregistered.
30-Sep-2026 16:31:40.706 WARNING [Catalina-utility-2] org.apache.catalina.loader.WebappClassLoaderBase.clearReferencesThreads The web application [cookie-kitchen] appears to have started a thread named [mysql-cj-abandoned-connection-cleanup] but has failed to stop it. This is very likely to create a memory leak. Stack trace of thread:
 java.base/java.lang.Object.wait0(Native Method)
 java.base/java.lang.Object.wait(Object.java:391)
 java.base/java.lang.ref.ReferenceQueue.remove0(ReferenceQueue.java:123)
 java.base/java.lang.ref.ReferenceQueue.remove(ReferenceQueue.java:201)
 com.mysql.cj.jdbc.AbandonedConnectionCleanupThread.run(AbandonedConnectionCleanupThread.java:84)
 java.base/java.util.concurrent.ThreadPoolExecutor.runWorker(ThreadPoolExecutor.java:1090)
 java.base/java.util.concurrent.ThreadPoolExecutor$Worker.run(ThreadPoolExecutor.java:614)
 java.base/java.lang.Thread.run(Thread.java:1516)
30-Sep-2026 16:31:40.714 INFO [Catalina-utility-2] org.apache.catalina.startup.HostConfig.deployDescriptor Deploying deployment descriptor [C:\Cookies-web\cookie-kitchen\conf\Catalina\localhost\cookie-kitchen.xml]
30-Sep-2026 16:31:40.729 SEVERE [Catalina-utility-2] org.apache.catalina.startup.HostConfig.deployDescriptor Error deploying deployment descriptor [C:\Cookies-web\cookie-kitchen\conf\Catalina\localhost\cookie-kitchen.xml]
	java.lang.IllegalStateException: Error starting child
		at org.apache.catalina.core.ContainerBase.addChildInternal(ContainerBase.java:619)
		at org.apache.catalina.core.ContainerBase.addChild(ContainerBase.java:588)
		at org.apache.catalina.core.StandardHost.addChild(StandardHost.java:679)
		at org.apache.catalina.startup.HostConfig.deployDescriptor(HostConfig.java:668)
		at org.apache.catalina.startup.HostConfig$DeployDescriptor.run(HostConfig.java:1918)
		at java.base/java.util.concurrent.Executors$RunnableAdapter.call(Executors.java:545)
		at java.base/java.util.concurrent.FutureTask.run(FutureTask.java:330)
		at org.apache.tomcat.util.threads.InlineExecutorService.execute(InlineExecutorService.java:92)
		at java.base/java.util.concurrent.AbstractExecutorService.submit(AbstractExecutorService.java:125)
		at org.apache.catalina.startup.HostConfig.deployDescriptors(HostConfig.java:556)
		at org.apache.catalina.startup.HostConfig.deployApps(HostConfig.java:447)
		at org.apache.catalina.startup.HostConfig.check(HostConfig.java:1701)
		at org.apache.catalina.startup.HostConfig.lifecycleEvent(HostConfig.java:320)
		at org.apache.catalina.util.LifecycleBase.fireLifecycleEvent(LifecycleBase.java:115)
		at org.apache.catalina.core.ContainerBase.backgroundProcess(ContainerBase.java:989)
		at org.apache.catalina.core.ContainerBase$ContainerBackgroundProcessor.processChildren(ContainerBase.java:1212)
		at org.apache.catalina.core.ContainerBase$ContainerBackgroundProcessor.processChildren(ContainerBase.java:1216)
		at org.apache.catalina.core.ContainerBase$ContainerBackgroundProcessor.run(ContainerBase.java:1189)
		at java.base/java.util.concurrent.Executors$RunnableAdapter.call(Executors.java:545)
		at java.base/java.util.concurrent.FutureTask.runAndReset(FutureTask.java:371)
		at java.base/java.util.concurrent.ScheduledThreadPoolExecutor$ScheduledFutureTask.run(ScheduledThreadPoolExecutor.java:310)
		at java.base/java.util.concurrent.ThreadPoolExecutor.runWorker(ThreadPoolExecutor.java:1090)
		at java.base/java.util.concurrent.ThreadPoolExecutor$Worker.run(ThreadPoolExecutor.java:614)
		at org.apache.tomcat.util.threads.TaskThread$WrappingRunnable.run(TaskThread.java:80)
		at java.base/java.lang.Thread.run(Thread.java:1516)
	Caused by: org.apache.catalina.LifecycleException: Failed to initialize component [org.apache.catalina.webresources.DirResourceSet@6baabe80]
		at org.apache.catalina.util.LifecycleBase.handleSubClassException(LifecycleBase.java:410)
		at org.apache.catalina.util.LifecycleBase.init(LifecycleBase.java:131)
		at org.apache.catalina.webresources.StandardRoot.initInternal(StandardRoot.java:753)
		at org.apache.catalina.util.LifecycleBase.init(LifecycleBase.java:128)
		at org.apache.catalina.util.LifecycleBase.start(LifecycleBase.java:161)
		at org.apache.catalina.core.StandardContext.resourcesStart(StandardContext.java:4337)
		at org.apache.catalina.core.StandardContext.startInternal(StandardContext.java:4459)
		at org.apache.catalina.util.LifecycleBase.start(LifecycleBase.java:170)
		at org.apache.catalina.core.ContainerBase.addChildInternal(ContainerBase.java:616)
		... 24 more
	Caused by: java.lang.IllegalArgumentException: The directory specified by base and internal path [C:/Cookies-web/cookie-kitchen/target/classes]\[] does not exist.
		at org.apache.catalina.webresources.DirResourceSet.checkType(DirResourceSet.java:316)
		at org.apache.catalina.webresources.AbstractFileResourceSet.initInternal(AbstractFileResourceSet.java:282)
		at org.apache.catalina.webresources.DirResourceSet.initInternal(DirResourceSet.java:323)
		at org.apache.catalina.util.LifecycleBase.init(LifecycleBase.java:128)
		... 31 more
30-Sep-2026 16:31:40.733 INFO [Catalina-utility-2] org.apache.catalina.startup.HostConfig.deployDescriptor Deployment of deployment descriptor [C:\Cookies-web\cookie-kitchen\conf\Catalina\localhost\cookie-kitchen.xml] has finished in [19] ms
30-Sep-2026 16:31:44.390 INFO [mysql-cj-abandoned-connection-cleanup] org.apache.catalina.loader.WebappClassLoaderBase.checkStateForResourceLoading Illegal access: this web application instance has been stopped already. Could not load []. The following stack trace is thrown for debugging purposes as well as to attempt to terminate the thread which caused the illegal access.
	java.lang.IllegalStateException: Illegal access: this web application instance has been stopped already. Could not load []. The following stack trace is thrown for debugging purposes as well as to attempt to terminate the thread which caused the illegal access.
		at org.apache.catalina.loader.WebappClassLoaderBase.checkStateForResourceLoading(WebappClassLoaderBase.java:1500)
		at org.apache.catalina.loader.WebappClassLoaderBase.getResource(WebappClassLoaderBase.java:1067)
		at com.mysql.cj.jdbc.AbandonedConnectionCleanupThread.checkThreadContextClassLoader(AbandonedConnectionCleanupThread.java:116)
		at com.mysql.cj.jdbc.AbandonedConnectionCleanupThread.run(AbandonedConnectionCleanupThread.java:83)
		at java.base/java.util.concurrent.ThreadPoolExecutor.runWorker(ThreadPoolExecutor.java:1090)
		at java.base/java.util.concurrent.ThreadPoolExecutor$Worker.run(ThreadPoolExecutor.java:614)
		at java.base/java.lang.Thread.run(Thread.java:1516)
30-Sep-2026 16:32:00.752 INFO [Catalina-utility-1] org.apache.catalina.startup.HostConfig.reload Reloading context [/cookie-kitchen]
30-Sep-2026 16:32:00.755 SEVERE [Catalina-utility-1] org.apache.catalina.startup.HostConfig.reload Error during context [/cookie-kitchen] restart
	org.apache.catalina.LifecycleException: Failed to start component [org.apache.catalina.webresources.StandardRoot@26f03fac]
		at org.apache.catalina.util.LifecycleBase.handleSubClassException(LifecycleBase.java:410)
		at org.apache.catalina.util.LifecycleBase.start(LifecycleBase.java:185)
		at org.apache.catalina.core.StandardContext.resourcesStart(StandardContext.java:4337)
		at org.apache.catalina.core.StandardContext.startInternal(StandardContext.java:4459)
		at org.apache.catalina.util.LifecycleBase.start(LifecycleBase.java:170)
		at org.apache.catalina.startup.HostConfig.reload(HostConfig.java:1493)
		at org.apache.catalina.startup.HostConfig.checkResources(HostConfig.java:1459)
		at org.apache.catalina.startup.HostConfig.check(HostConfig.java:1688)
		at org.apache.catalina.startup.HostConfig.lifecycleEvent(HostConfig.java:320)
		at org.apache.catalina.util.LifecycleBase.fireLifecycleEvent(LifecycleBase.java:115)
		at org.apache.catalina.core.ContainerBase.backgroundProcess(ContainerBase.java:989)
		at org.apache.catalina.core.ContainerBase$ContainerBackgroundProcessor.processChildren(ContainerBase.java:1212)
		at org.apache.catalina.core.ContainerBase$ContainerBackgroundProcessor.processChildren(ContainerBase.java:1216)
		at org.apache.catalina.core.ContainerBase$ContainerBackgroundProcessor.run(ContainerBase.java:1189)
		at java.base/java.util.concurrent.Executors$RunnableAdapter.call(Executors.java:545)
		at java.base/java.util.concurrent.FutureTask.runAndReset(FutureTask.java:371)
		at java.base/java.util.concurrent.ScheduledThreadPoolExecutor$ScheduledFutureTask.run(ScheduledThreadPoolExecutor.java:310)
		at java.base/java.util.concurrent.ThreadPoolExecutor.runWorker(ThreadPoolExecutor.java:1090)
		at java.base/java.util.concurrent.ThreadPoolExecutor$Worker.run(ThreadPoolExecutor.java:614)
		at org.apache.tomcat.util.threads.TaskThread$WrappingRunnable.run(TaskThread.java:80)
		at java.base/java.lang.Thread.run(Thread.java:1516)
	Caused by: java.lang.NullPointerException: Cannot invoke "java.io.File.getName()" because the return value of "org.apache.catalina.webresources.FileResourceSet.getFileBase()" is null
		at org.apache.catalina.webresources.FileResourceSet.list(FileResourceSet.java:107)
		at org.apache.catalina.webresources.StandardRoot.list(StandardRoot.java:137)
		at org.apache.catalina.webresources.StandardRoot.listResources(StandardRoot.java:380)
		at org.apache.catalina.webresources.StandardRoot.processWebInfLib(StandardRoot.java:639)
		at org.apache.catalina.webresources.StandardRoot.startInternal(StandardRoot.java:789)
		at org.apache.catalina.util.LifecycleBase.start(LifecycleBase.java:170)
		... 19 more
30-Sep-2026 16:32:30.774 INFO [Thread-1] org.apache.coyote.AbstractProtocol.pause Pausing ProtocolHandler ["http-nio-8080"]
30-Sep-2026 16:32:30.781 INFO [Thread-1] org.apache.catalina.core.StandardService.stopInternal Stopping service [Catalina]
30-Sep-2026 16:32:30.783 INFO [Thread-1] org.apache.coyote.AbstractProtocol.stop Stopping ProtocolHandler ["http-nio-8080"]
30-Sep-2026 16:32:30.787 INFO [Thread-1] org.apache.coyote.AbstractProtocol.destroy Destroying ProtocolHandler ["http-nio-8080"]
30-Sep-2026 16:32:38.897 INFO [main] org.apache.catalina.startup.VersionLoggerListener.log Server version name:   Apache Tomcat/10.1.60
30-Sep-2026 16:32:38.900 INFO [main] org.apache.catalina.startup.VersionLoggerListener.log Server built:          Sep 9 2026 22:35:59 UTC
30-Sep-2026 16:32:38.900 INFO [main] org.apache.catalina.startup.VersionLoggerListener.log Server version number: 10.1.60.0
30-Sep-2026 16:32:38.900 INFO [main] org.apache.catalina.startup.VersionLoggerListener.log OS Name:               Windows 11
30-Sep-2026 16:32:38.901 INFO [main] org.apache.catalina.startup.VersionLoggerListener.log OS Version:            10.0
30-Sep-2026 16:32:38.901 INFO [main] org.apache.catalina.startup.VersionLoggerListener.log Architecture:          amd64
30-Sep-2026 16:32:38.901 INFO [main] org.apache.catalina.startup.VersionLoggerListener.log Java Home:             C:\Program Files\Java\jdk-26.0.1
30-Sep-2026 16:32:38.901 INFO [main] org.apache.catalina.startup.VersionLoggerListener.log JVM Version:           26.0.1+8-34
30-Sep-2026 16:32:38.901 INFO [main] org.apache.catalina.startup.VersionLoggerListener.log JVM Vendor:            Oracle Corporation
30-Sep-2026 16:32:38.901 INFO [main] org.apache.catalina.startup.VersionLoggerListener.log CATALINA_BASE:         C:\Cookies-web\cookie-kitchen
30-Sep-2026 16:32:38.901 INFO [main] org.apache.catalina.startup.VersionLoggerListener.log CATALINA_HOME:         C:\tomcat\apache-tomcat-10.1.60
30-Sep-2026 16:32:38.914 INFO [main] org.apache.catalina.startup.VersionLoggerListener.log Command line argument: --add-opens=java.base/java.lang=ALL-UNNAMED
30-Sep-2026 16:32:38.915 INFO [main] org.apache.catalina.startup.VersionLoggerListener.log Command line argument: --add-opens=java.base/java.io=ALL-UNNAMED
30-Sep-2026 16:32:38.915 INFO [main] org.apache.catalina.startup.VersionLoggerListener.log Command line argument: --add-opens=java.base/java.util=ALL-UNNAMED
30-Sep-2026 16:32:38.915 INFO [main] org.apache.catalina.startup.VersionLoggerListener.log Command line argument: --add-opens=java.base/java.util.concurrent=ALL-UNNAMED
30-Sep-2026 16:32:38.915 INFO [main] org.apache.catalina.startup.VersionLoggerListener.log Command line argument: --add-opens=java.rmi/sun.rmi.transport=ALL-UNNAMED
30-Sep-2026 16:32:38.915 INFO [main] org.apache.catalina.startup.VersionLoggerListener.log Command line argument: -Dcatalina.home=C:\..\..\..\..\..\tomcat\apache-tomcat-10.1.60
30-Sep-2026 16:32:38.915 INFO [main] org.apache.catalina.startup.VersionLoggerListener.log Command line argument: -Dcatalina.base=C:\Cookies-web\cookie-kitchen
30-Sep-2026 16:32:38.915 INFO [main] org.apache.catalina.startup.VersionLoggerListener.log Command line argument: -Djava.io.tmpdir=C:\Cookies-web\cookie-kitchen\temp
30-Sep-2026 16:32:38.915 INFO [main] org.apache.catalina.startup.VersionLoggerListener.log Command line argument: -Djava.util.logging.config.file=C:\Cookies-web\cookie-kitchen\conf\logging.properties
30-Sep-2026 16:32:38.915 INFO [main] org.apache.catalina.startup.VersionLoggerListener.log Command line argument: -Djava.util.logging.manager=org.apache.juli.ClassLoaderLogManager
30-Sep-2026 16:32:38.915 INFO [main] org.apache.catalina.startup.VersionLoggerListener.log Command line argument: -javaagent:C:\Program Files\JetBrains\IntelliJ IDEA 2026.2.3\lib\idea_rt.jar=57628
30-Sep-2026 16:32:38.916 INFO [main] org.apache.catalina.startup.VersionLoggerListener.log Command line argument: -Dfile.encoding=UTF-8
30-Sep-2026 16:32:38.916 INFO [main] org.apache.catalina.startup.VersionLoggerListener.log Command line argument: -Dsun.stdout.encoding=UTF-8
30-Sep-2026 16:32:38.916 INFO [main] org.apache.catalina.startup.VersionLoggerListener.log Command line argument: -Dsun.stderr.encoding=UTF-8
30-Sep-2026 16:32:38.923 INFO [main] org.apache.catalina.core.AprLifecycleListener.lifecycleEvent Loaded Apache Tomcat Native library [2.0.16] using APR version [1.7.6].
30-Sep-2026 16:32:38.936 INFO [main] org.apache.catalina.core.AprLifecycleListener.initializeSSL OpenSSL successfully initialized [OpenSSL 3.5.8 25 Aug 2026]
30-Sep-2026 16:32:39.393 INFO [main] org.apache.coyote.AbstractProtocol.init Initializing ProtocolHandler ["http-nio-8080"]
30-Sep-2026 16:32:39.420 INFO [main] org.apache.catalina.startup.Catalina.load Server initialization in [805] milliseconds
30-Sep-2026 16:32:39.472 INFO [main] org.apache.catalina.core.StandardService.startInternal Starting service [Catalina]
30-Sep-2026 16:32:39.473 INFO [main] org.apache.catalina.core.StandardEngine.startInternal Starting Servlet engine: [Apache Tomcat/10.1.60]
30-Sep-2026 16:32:39.491 INFO [main] org.apache.catalina.startup.HostConfig.deployDescriptor Deploying deployment descriptor [C:\Cookies-web\cookie-kitchen\conf\Catalina\localhost\cookie-kitchen.xml]
30-Sep-2026 16:32:41.711 INFO [main] org.apache.jasper.servlet.TldScanner.scanJars At least one JAR was scanned for TLDs yet contained no TLDs. Enable debug logging for this logger for a complete list of JARs that were scanned but no TLDs were found in them. Skipping unneeded JARs during scanning can improve startup time and JSP compilation time.
30-Sep-2026 16:32:41.800 INFO [main] org.apache.catalina.startup.HostConfig.deployDescriptor Deployment of deployment descriptor [C:\Cookies-web\cookie-kitchen\conf\Catalina\localhost\cookie-kitchen.xml] has finished in [2,305] ms
30-Sep-2026 16:32:41.805 INFO [main] org.apache.coyote.AbstractProtocol.start Starting ProtocolHandler ["http-nio-8080"]
30-Sep-2026 16:32:41.835 INFO [main] org.apache.catalina.startup.Catalina.start Server startup in [2414] milliseconds
30-Sep-2026 16:37:28.530 INFO [Thread-1] org.apache.coyote.AbstractProtocol.pause Pausing ProtocolHandler ["http-nio-8080"]
30-Sep-2026 16:37:28.535 INFO [Thread-1] org.apache.catalina.core.StandardService.stopInternal Stopping service [Catalina]
30-Sep-2026 16:37:28.541 WARNING [Thread-1] org.apache.catalina.loader.WebappClassLoaderBase.clearReferencesJdbc The web application [cookie-kitchen] registered the JDBC driver [com.mysql.cj.jdbc.Driver] but failed to unregister it when the web application was stopped. To prevent a memory leak, the JDBC Driver has been forcibly unregistered.
30-Sep-2026 16:37:28.541 WARNING [Thread-1] org.apache.catalina.loader.WebappClassLoaderBase.clearReferencesThreads The web application [cookie-kitchen] appears to have started a thread named [mysql-cj-abandoned-connection-cleanup] but has failed to stop it. This is very likely to create a memory leak. Stack trace of thread:
 java.base/java.lang.Object.wait0(Native Method)
 java.base/java.lang.Object.wait(Object.java:391)
 java.base/java.lang.ref.ReferenceQueue.remove0(ReferenceQueue.java:123)
 java.base/java.lang.ref.ReferenceQueue.remove(ReferenceQueue.java:201)
 com.mysql.cj.jdbc.AbandonedConnectionCleanupThread.run(AbandonedConnectionCleanupThread.java:84)
 java.base/java.util.concurrent.ThreadPoolExecutor.runWorker(ThreadPoolExecutor.java:1090)
 java.base/java.util.concurrent.ThreadPoolExecutor$Worker.run(ThreadPoolExecutor.java:614)
 java.base/java.lang.Thread.run(Thread.java:1516)
30-Sep-2026 16:37:28.544 INFO [Thread-1] org.apache.coyote.AbstractProtocol.stop Stopping ProtocolHandler ["http-nio-8080"]
30-Sep-2026 16:37:28.547 INFO [Thread-1] org.apache.coyote.AbstractProtocol.destroy Destroying ProtocolHandler ["http-nio-8080"]
30-Sep-2026 19:18:46.550 INFO [main] org.apache.catalina.startup.VersionLoggerListener.log Server version name:   Apache Tomcat/10.1.60
30-Sep-2026 19:18:46.554 INFO [main] org.apache.catalina.startup.VersionLoggerListener.log Server built:          Sep 9 2026 22:35:59 UTC
30-Sep-2026 19:18:46.555 INFO [main] org.apache.catalina.startup.VersionLoggerListener.log Server version number: 10.1.60.0
30-Sep-2026 19:18:46.555 INFO [main] org.apache.catalina.startup.VersionLoggerListener.log OS Name:               Windows 11
30-Sep-2026 19:18:46.555 INFO [main] org.apache.catalina.startup.VersionLoggerListener.log OS Version:            10.0
30-Sep-2026 19:18:46.555 INFO [main] org.apache.catalina.startup.VersionLoggerListener.log Architecture:          amd64
30-Sep-2026 19:18:46.555 INFO [main] org.apache.catalina.startup.VersionLoggerListener.log Java Home:             C:\Program Files\Java\jdk-26.0.1
30-Sep-2026 19:18:46.555 INFO [main] org.apache.catalina.startup.VersionLoggerListener.log JVM Version:           26.0.1+8-34
30-Sep-2026 19:18:46.555 INFO [main] org.apache.catalina.startup.VersionLoggerListener.log JVM Vendor:            Oracle Corporation
30-Sep-2026 19:18:46.555 INFO [main] org.apache.catalina.startup.VersionLoggerListener.log CATALINA_BASE:         C:\Cookies-web\cookie-kitchen
30-Sep-2026 19:18:46.555 INFO [main] org.apache.catalina.startup.VersionLoggerListener.log CATALINA_HOME:         C:\tomcat\apache-tomcat-10.1.60
30-Sep-2026 19:18:46.566 INFO [main] org.apache.catalina.startup.VersionLoggerListener.log Command line argument: --add-opens=java.base/java.lang=ALL-UNNAMED
30-Sep-2026 19:18:46.566 INFO [main] org.apache.catalina.startup.VersionLoggerListener.log Command line argument: --add-opens=java.base/java.io=ALL-UNNAMED
30-Sep-2026 19:18:46.566 INFO [main] org.apache.catalina.startup.VersionLoggerListener.log Command line argument: --add-opens=java.base/java.util=ALL-UNNAMED
30-Sep-2026 19:18:46.566 INFO [main] org.apache.catalina.startup.VersionLoggerListener.log Command line argument: --add-opens=java.base/java.util.concurrent=ALL-UNNAMED
30-Sep-2026 19:18:46.567 INFO [main] org.apache.catalina.startup.VersionLoggerListener.log Command line argument: --add-opens=java.rmi/sun.rmi.transport=ALL-UNNAMED
30-Sep-2026 19:18:46.567 INFO [main] org.apache.catalina.startup.VersionLoggerListener.log Command line argument: -Dcatalina.home=C:\..\..\..\..\..\tomcat\apache-tomcat-10.1.60
30-Sep-2026 19:18:46.567 INFO [main] org.apache.catalina.startup.VersionLoggerListener.log Command line argument: -Dcatalina.base=C:\Cookies-web\cookie-kitchen
30-Sep-2026 19:18:46.567 INFO [main] org.apache.catalina.startup.VersionLoggerListener.log Command line argument: -Djava.io.tmpdir=C:\Cookies-web\cookie-kitchen\temp
30-Sep-2026 19:18:46.567 INFO [main] org.apache.catalina.startup.VersionLoggerListener.log Command line argument: -Djava.util.logging.config.file=C:\Cookies-web\cookie-kitchen\conf\logging.properties
30-Sep-2026 19:18:46.567 INFO [main] org.apache.catalina.startup.VersionLoggerListener.log Command line argument: -Djava.util.logging.manager=org.apache.juli.ClassLoaderLogManager
30-Sep-2026 19:18:46.567 INFO [main] org.apache.catalina.startup.VersionLoggerListener.log Command line argument: -javaagent:C:\Program Files\JetBrains\IntelliJ IDEA 2026.2.3\lib\idea_rt.jar=59450
30-Sep-2026 19:18:46.567 INFO [main] org.apache.catalina.startup.VersionLoggerListener.log Command line argument: -Dfile.encoding=UTF-8
30-Sep-2026 19:18:46.567 INFO [main] org.apache.catalina.startup.VersionLoggerListener.log Command line argument: -Dsun.stdout.encoding=UTF-8
30-Sep-2026 19:18:46.567 INFO [main] org.apache.catalina.startup.VersionLoggerListener.log Command line argument: -Dsun.stderr.encoding=UTF-8
30-Sep-2026 19:18:46.577 INFO [main] org.apache.catalina.core.AprLifecycleListener.lifecycleEvent Loaded Apache Tomcat Native library [2.0.16] using APR version [1.7.6].
30-Sep-2026 19:18:46.613 INFO [main] org.apache.catalina.core.AprLifecycleListener.initializeSSL OpenSSL successfully initialized [OpenSSL 3.5.8 25 Aug 2026]
30-Sep-2026 19:18:47.093 INFO [main] org.apache.coyote.AbstractProtocol.init Initializing ProtocolHandler ["http-nio-8080"]
30-Sep-2026 19:18:47.111 INFO [main] org.apache.catalina.startup.Catalina.load Server initialization in [986] milliseconds
30-Sep-2026 19:18:47.229 INFO [main] org.apache.catalina.core.StandardService.startInternal Starting service [Catalina]
30-Sep-2026 19:18:47.229 INFO [main] org.apache.catalina.core.StandardEngine.startInternal Starting Servlet engine: [Apache Tomcat/10.1.60]
30-Sep-2026 19:18:47.246 INFO [main] org.apache.catalina.startup.HostConfig.deployDescriptor Deploying deployment descriptor [C:\Cookies-web\cookie-kitchen\conf\Catalina\localhost\cookie-kitchen.xml]
30-Sep-2026 19:18:48.792 INFO [main] org.apache.jasper.servlet.TldScanner.scanJars At least one JAR was scanned for TLDs yet contained no TLDs. Enable debug logging for this logger for a complete list of JARs that were scanned but no TLDs were found in them. Skipping unneeded JARs during scanning can improve startup time and JSP compilation time.
30-Sep-2026 19:18:48.905 INFO [main] org.apache.catalina.startup.HostConfig.deployDescriptor Deployment of deployment descriptor [C:\Cookies-web\cookie-kitchen\conf\Catalina\localhost\cookie-kitchen.xml] has finished in [1,657] ms
30-Sep-2026 19:18:48.910 INFO [main] org.apache.coyote.AbstractProtocol.start Starting ProtocolHandler ["http-nio-8080"]
30-Sep-2026 19:18:48.951 INFO [main] org.apache.catalina.startup.Catalina.start Server startup in [1838] milliseconds
30-Sep-2026 19:19:18.840 INFO [Thread-1] org.apache.coyote.AbstractProtocol.pause Pausing ProtocolHandler ["http-nio-8080"]
30-Sep-2026 19:19:18.845 INFO [Thread-1] org.apache.catalina.core.StandardService.stopInternal Stopping service [Catalina]
30-Sep-2026 19:19:18.859 INFO [Thread-1] org.apache.coyote.AbstractProtocol.stop Stopping ProtocolHandler ["http-nio-8080"]
30-Sep-2026 19:19:18.870 INFO [Thread-1] org.apache.coyote.AbstractProtocol.destroy Destroying ProtocolHandler ["http-nio-8080"]
30-Sep-2026 19:19:59.037 INFO [main] org.apache.catalina.startup.VersionLoggerListener.log Server version name:   Apache Tomcat/10.1.60
30-Sep-2026 19:19:59.043 INFO [main] org.apache.catalina.startup.VersionLoggerListener.log Server built:          Sep 9 2026 22:35:59 UTC
30-Sep-2026 19:19:59.043 INFO [main] org.apache.catalina.startup.VersionLoggerListener.log Server version number: 10.1.60.0
30-Sep-2026 19:19:59.043 INFO [main] org.apache.catalina.startup.VersionLoggerListener.log OS Name:               Windows 11
30-Sep-2026 19:19:59.043 INFO [main] org.apache.catalina.startup.VersionLoggerListener.log OS Version:            10.0
30-Sep-2026 19:19:59.043 INFO [main] org.apache.catalina.startup.VersionLoggerListener.log Architecture:          amd64
30-Sep-2026 19:19:59.043 INFO [main] org.apache.catalina.startup.VersionLoggerListener.log Java Home:             C:\Program Files\Java\jdk-26.0.1
30-Sep-2026 19:19:59.044 INFO [main] org.apache.catalina.startup.VersionLoggerListener.log JVM Version:           26.0.1+8-34
30-Sep-2026 19:19:59.044 INFO [main] org.apache.catalina.startup.VersionLoggerListener.log JVM Vendor:            Oracle Corporation
30-Sep-2026 19:19:59.044 INFO [main] org.apache.catalina.startup.VersionLoggerListener.log CATALINA_BASE:         C:\Cookies-web\cookie-kitchen
30-Sep-2026 19:19:59.044 INFO [main] org.apache.catalina.startup.VersionLoggerListener.log CATALINA_HOME:         C:\tomcat\apache-tomcat-10.1.60
30-Sep-2026 19:19:59.057 INFO [main] org.apache.catalina.startup.VersionLoggerListener.log Command line argument: --add-opens=java.base/java.lang=ALL-UNNAMED
30-Sep-2026 19:19:59.058 INFO [main] org.apache.catalina.startup.VersionLoggerListener.log Command line argument: --add-opens=java.base/java.io=ALL-UNNAMED
30-Sep-2026 19:19:59.058 INFO [main] org.apache.catalina.startup.VersionLoggerListener.log Command line argument: --add-opens=java.base/java.util=ALL-UNNAMED
30-Sep-2026 19:19:59.058 INFO [main] org.apache.catalina.startup.VersionLoggerListener.log Command line argument: --add-opens=java.base/java.util.concurrent=ALL-UNNAMED
30-Sep-2026 19:19:59.058 INFO [main] org.apache.catalina.startup.VersionLoggerListener.log Command line argument: --add-opens=java.rmi/sun.rmi.transport=ALL-UNNAMED
30-Sep-2026 19:19:59.058 INFO [main] org.apache.catalina.startup.VersionLoggerListener.log Command line argument: -Dcatalina.home=C:\..\..\..\..\..\tomcat\apache-tomcat-10.1.60
30-Sep-2026 19:19:59.058 INFO [main] org.apache.catalina.startup.VersionLoggerListener.log Command line argument: -Dcatalina.base=C:\Cookies-web\cookie-kitchen
30-Sep-2026 19:19:59.059 INFO [main] org.apache.catalina.startup.VersionLoggerListener.log Command line argument: -Djava.io.tmpdir=C:\Cookies-web\cookie-kitchen\temp
30-Sep-2026 19:19:59.059 INFO [main] org.apache.catalina.startup.VersionLoggerListener.log Command line argument: -Djava.util.logging.config.file=C:\Cookies-web\cookie-kitchen\conf\logging.properties
30-Sep-2026 19:19:59.059 INFO [main] org.apache.catalina.startup.VersionLoggerListener.log Command line argument: -Djava.util.logging.manager=org.apache.juli.ClassLoaderLogManager
30-Sep-2026 19:19:59.059 INFO [main] org.apache.catalina.startup.VersionLoggerListener.log Command line argument: -javaagent:C:\Program Files\JetBrains\IntelliJ IDEA 2026.2.3\lib\idea_rt.jar=56862
30-Sep-2026 19:19:59.059 INFO [main] org.apache.catalina.startup.VersionLoggerListener.log Command line argument: -Dfile.encoding=UTF-8
30-Sep-2026 19:19:59.059 INFO [main] org.apache.catalina.startup.VersionLoggerListener.log Command line argument: -Dsun.stdout.encoding=UTF-8
30-Sep-2026 19:19:59.059 INFO [main] org.apache.catalina.startup.VersionLoggerListener.log Command line argument: -Dsun.stderr.encoding=UTF-8
30-Sep-2026 19:19:59.066 INFO [main] org.apache.catalina.core.AprLifecycleListener.lifecycleEvent Loaded Apache Tomcat Native library [2.0.16] using APR version [1.7.6].
30-Sep-2026 19:19:59.079 INFO [main] org.apache.catalina.core.AprLifecycleListener.initializeSSL OpenSSL successfully initialized [OpenSSL 3.5.8 25 Aug 2026]
30-Sep-2026 19:19:59.702 INFO [main] org.apache.coyote.AbstractProtocol.init Initializing ProtocolHandler ["http-nio-8080"]
30-Sep-2026 19:19:59.739 INFO [main] org.apache.catalina.startup.Catalina.load Server initialization in [1106] milliseconds
30-Sep-2026 19:19:59.810 INFO [main] org.apache.catalina.core.StandardService.startInternal Starting service [Catalina]
30-Sep-2026 19:19:59.810 INFO [main] org.apache.catalina.core.StandardEngine.startInternal Starting Servlet engine: [Apache Tomcat/10.1.60]
30-Sep-2026 19:19:59.827 INFO [main] org.apache.catalina.startup.HostConfig.deployDescriptor Deploying deployment descriptor [C:\Cookies-web\cookie-kitchen\conf\Catalina\localhost\cookie-kitchen.xml]
30-Sep-2026 19:20:01.354 INFO [main] org.apache.jasper.servlet.TldScanner.scanJars At least one JAR was scanned for TLDs yet contained no TLDs. Enable debug logging for this logger for a complete list of JARs that were scanned but no TLDs were found in them. Skipping unneeded JARs during scanning can improve startup time and JSP compilation time.
30-Sep-2026 19:20:01.452 INFO [main] org.apache.catalina.startup.HostConfig.deployDescriptor Deployment of deployment descriptor [C:\Cookies-web\cookie-kitchen\conf\Catalina\localhost\cookie-kitchen.xml] has finished in [1,617] ms
30-Sep-2026 19:20:01.456 INFO [main] org.apache.coyote.AbstractProtocol.start Starting ProtocolHandler ["http-nio-8080"]
30-Sep-2026 19:20:01.489 INFO [main] org.apache.catalina.startup.Catalina.start Server startup in [1749] milliseconds
30-Sep-2026 19:20:29.275 INFO [Thread-1] org.apache.coyote.AbstractProtocol.pause Pausing ProtocolHandler ["http-nio-8080"]
30-Sep-2026 19:20:29.280 INFO [Thread-1] org.apache.catalina.core.StandardService.stopInternal Stopping service [Catalina]
30-Sep-2026 19:20:29.291 INFO [Thread-1] org.apache.coyote.AbstractProtocol.stop Stopping ProtocolHandler ["http-nio-8080"]
30-Sep-2026 19:20:29.305 INFO [Thread-1] org.apache.coyote.AbstractProtocol.destroy Destroying ProtocolHandler ["http-nio-8080"]
30-Sep-2026 19:20:37.183 INFO [main] org.apache.catalina.startup.VersionLoggerListener.log Server version name:   Apache Tomcat/10.1.60
30-Sep-2026 19:20:37.188 INFO [main] org.apache.catalina.startup.VersionLoggerListener.log Server built:          Sep 9 2026 22:35:59 UTC
30-Sep-2026 19:20:37.188 INFO [main] org.apache.catalina.startup.VersionLoggerListener.log Server version number: 10.1.60.0
30-Sep-2026 19:20:37.189 INFO [main] org.apache.catalina.startup.VersionLoggerListener.log OS Name:               Windows 11
30-Sep-2026 19:20:37.189 INFO [main] org.apache.catalina.startup.VersionLoggerListener.log OS Version:            10.0
30-Sep-2026 19:20:37.189 INFO [main] org.apache.catalina.startup.VersionLoggerListener.log Architecture:          amd64
30-Sep-2026 19:20:37.189 INFO [main] org.apache.catalina.startup.VersionLoggerListener.log Java Home:             C:\Program Files\Java\jdk-26.0.1
30-Sep-2026 19:20:37.189 INFO [main] org.apache.catalina.startup.VersionLoggerListener.log JVM Version:           26.0.1+8-34
30-Sep-2026 19:20:37.189 INFO [main] org.apache.catalina.startup.VersionLoggerListener.log JVM Vendor:            Oracle Corporation
30-Sep-2026 19:20:37.189 INFO [main] org.apache.catalina.startup.VersionLoggerListener.log CATALINA_BASE:         C:\Cookies-web\cookie-kitchen
30-Sep-2026 19:20:37.189 INFO [main] org.apache.catalina.startup.VersionLoggerListener.log CATALINA_HOME:         C:\tomcat\apache-tomcat-10.1.60
30-Sep-2026 19:20:37.208 INFO [main] org.apache.catalina.startup.VersionLoggerListener.log Command line argument: --add-opens=java.base/java.lang=ALL-UNNAMED
30-Sep-2026 19:20:37.208 INFO [main] org.apache.catalina.startup.VersionLoggerListener.log Command line argument: --add-opens=java.base/java.io=ALL-UNNAMED
30-Sep-2026 19:20:37.208 INFO [main] org.apache.catalina.startup.VersionLoggerListener.log Command line argument: --add-opens=java.base/java.util=ALL-UNNAMED
30-Sep-2026 19:20:37.208 INFO [main] org.apache.catalina.startup.VersionLoggerListener.log Command line argument: --add-opens=java.base/java.util.concurrent=ALL-UNNAMED
30-Sep-2026 19:20:37.209 INFO [main] org.apache.catalina.startup.VersionLoggerListener.log Command line argument: --add-opens=java.rmi/sun.rmi.transport=ALL-UNNAMED
30-Sep-2026 19:20:37.209 INFO [main] org.apache.catalina.startup.VersionLoggerListener.log Command line argument: -Dcatalina.home=C:\..\..\..\..\..\tomcat\apache-tomcat-10.1.60
30-Sep-2026 19:20:37.209 INFO [main] org.apache.catalina.startup.VersionLoggerListener.log Command line argument: -Dcatalina.base=C:\Cookies-web\cookie-kitchen
30-Sep-2026 19:20:37.209 INFO [main] org.apache.catalina.startup.VersionLoggerListener.log Command line argument: -Djava.io.tmpdir=C:\Cookies-web\cookie-kitchen\temp
30-Sep-2026 19:20:37.209 INFO [main] org.apache.catalina.startup.VersionLoggerListener.log Command line argument: -Djava.util.logging.config.file=C:\Cookies-web\cookie-kitchen\conf\logging.properties
30-Sep-2026 19:20:37.209 INFO [main] org.apache.catalina.startup.VersionLoggerListener.log Command line argument: -Djava.util.logging.manager=org.apache.juli.ClassLoaderLogManager
30-Sep-2026 19:20:37.209 INFO [main] org.apache.catalina.startup.VersionLoggerListener.log Command line argument: -javaagent:C:\Program Files\JetBrains\IntelliJ IDEA 2026.2.3\lib\idea_rt.jar=50979
30-Sep-2026 19:20:37.209 INFO [main] org.apache.catalina.startup.VersionLoggerListener.log Command line argument: -Dfile.encoding=UTF-8
30-Sep-2026 19:20:37.209 INFO [main] org.apache.catalina.startup.VersionLoggerListener.log Command line argument: -Dsun.stdout.encoding=UTF-8
30-Sep-2026 19:20:37.209 INFO [main] org.apache.catalina.startup.VersionLoggerListener.log Command line argument: -Dsun.stderr.encoding=UTF-8
30-Sep-2026 19:20:37.214 INFO [main] org.apache.catalina.core.AprLifecycleListener.lifecycleEvent Loaded Apache Tomcat Native library [2.0.16] using APR version [1.7.6].
30-Sep-2026 19:20:37.230 INFO [main] org.apache.catalina.core.AprLifecycleListener.initializeSSL OpenSSL successfully initialized [OpenSSL 3.5.8 25 Aug 2026]
30-Sep-2026 19:20:37.733 INFO [main] org.apache.coyote.AbstractProtocol.init Initializing ProtocolHandler ["http-nio-8080"]
30-Sep-2026 19:20:37.756 INFO [main] org.apache.catalina.startup.Catalina.load Server initialization in [924] milliseconds
30-Sep-2026 19:20:37.813 INFO [main] org.apache.catalina.core.StandardService.startInternal Starting service [Catalina]
30-Sep-2026 19:20:37.814 INFO [main] org.apache.catalina.core.StandardEngine.startInternal Starting Servlet engine: [Apache Tomcat/10.1.60]
30-Sep-2026 19:20:37.834 INFO [main] org.apache.catalina.startup.HostConfig.deployDescriptor Deploying deployment descriptor [C:\Cookies-web\cookie-kitchen\conf\Catalina\localhost\cookie-kitchen.xml]
30-Sep-2026 19:20:39.072 INFO [main] org.apache.jasper.servlet.TldScanner.scanJars At least one JAR was scanned for TLDs yet contained no TLDs. Enable debug logging for this logger for a complete list of JARs that were scanned but no TLDs were found in them. Skipping unneeded JARs during scanning can improve startup time and JSP compilation time.
30-Sep-2026 19:20:39.154 INFO [main] org.apache.catalina.startup.HostConfig.deployDescriptor Deployment of deployment descriptor [C:\Cookies-web\cookie-kitchen\conf\Catalina\localhost\cookie-kitchen.xml] has finished in [1,317] ms
30-Sep-2026 19:20:39.159 INFO [main] org.apache.coyote.AbstractProtocol.start Starting ProtocolHandler ["http-nio-8080"]
30-Sep-2026 19:20:39.187 INFO [main] org.apache.catalina.startup.Catalina.start Server startup in [1428] milliseconds
30-Sep-2026 19:22:17.948 INFO [Thread-1] org.apache.coyote.AbstractProtocol.pause Pausing ProtocolHandler ["http-nio-8080"]
30-Sep-2026 19:22:17.953 INFO [Thread-1] org.apache.catalina.core.StandardService.stopInternal Stopping service [Catalina]
30-Sep-2026 19:22:17.962 WARNING [Thread-1] org.apache.catalina.loader.WebappClassLoaderBase.clearReferencesJdbc The web application [cookie-kitchen] registered the JDBC driver [com.mysql.cj.jdbc.Driver] but failed to unregister it when the web application was stopped. To prevent a memory leak, the JDBC Driver has been forcibly unregistered.
30-Sep-2026 19:22:17.962 WARNING [Thread-1] org.apache.catalina.loader.WebappClassLoaderBase.clearReferencesThreads The web application [cookie-kitchen] appears to have started a thread named [mysql-cj-abandoned-connection-cleanup] but has failed to stop it. This is very likely to create a memory leak. Stack trace of thread:
 java.base/java.lang.Object.wait0(Native Method)
 java.base/java.lang.Object.wait(Object.java:391)
 java.base/java.lang.ref.ReferenceQueue.remove0(ReferenceQueue.java:123)
 java.base/java.lang.ref.ReferenceQueue.remove(ReferenceQueue.java:201)
 com.mysql.cj.jdbc.AbandonedConnectionCleanupThread.run(AbandonedConnectionCleanupThread.java:84)
 java.base/java.util.concurrent.ThreadPoolExecutor.runWorker(ThreadPoolExecutor.java:1090)
 java.base/java.util.concurrent.ThreadPoolExecutor$Worker.run(ThreadPoolExecutor.java:614)
 java.base/java.lang.Thread.run(Thread.java:1516)
30-Sep-2026 19:22:17.966 INFO [Thread-1] org.apache.coyote.AbstractProtocol.stop Stopping ProtocolHandler ["http-nio-8080"]
30-Sep-2026 19:22:17.977 INFO [Thread-1] org.apache.coyote.AbstractProtocol.destroy Destroying ProtocolHandler ["http-nio-8080"]
30-Sep-2026 19:22:35.171 INFO [main] org.apache.catalina.startup.VersionLoggerListener.log Server version name:   Apache Tomcat/10.1.60
30-Sep-2026 19:22:35.175 INFO [main] org.apache.catalina.startup.VersionLoggerListener.log Server built:          Sep 9 2026 22:35:59 UTC
30-Sep-2026 19:22:35.175 INFO [main] org.apache.catalina.startup.VersionLoggerListener.log Server version number: 10.1.60.0
30-Sep-2026 19:22:35.175 INFO [main] org.apache.catalina.startup.VersionLoggerListener.log OS Name:               Windows 11
30-Sep-2026 19:22:35.176 INFO [main] org.apache.catalina.startup.VersionLoggerListener.log OS Version:            10.0
30-Sep-2026 19:22:35.176 INFO [main] org.apache.catalina.startup.VersionLoggerListener.log Architecture:          amd64
30-Sep-2026 19:22:35.176 INFO [main] org.apache.catalina.startup.VersionLoggerListener.log Java Home:             C:\Program Files\Java\jdk-26.0.1
30-Sep-2026 19:22:35.176 INFO [main] org.apache.catalina.startup.VersionLoggerListener.log JVM Version:           26.0.1+8-34
30-Sep-2026 19:22:35.176 INFO [main] org.apache.catalina.startup.VersionLoggerListener.log JVM Vendor:            Oracle Corporation
30-Sep-2026 19:22:35.176 INFO [main] org.apache.catalina.startup.VersionLoggerListener.log CATALINA_BASE:         C:\Cookies-web\cookie-kitchen
30-Sep-2026 19:22:35.176 INFO [main] org.apache.catalina.startup.VersionLoggerListener.log CATALINA_HOME:         C:\tomcat\apache-tomcat-10.1.60
30-Sep-2026 19:22:35.192 INFO [main] org.apache.catalina.startup.VersionLoggerListener.log Command line argument: --add-opens=java.base/java.lang=ALL-UNNAMED
30-Sep-2026 19:22:35.192 INFO [main] org.apache.catalina.startup.VersionLoggerListener.log Command line argument: --add-opens=java.base/java.io=ALL-UNNAMED
30-Sep-2026 19:22:35.192 INFO [main] org.apache.catalina.startup.VersionLoggerListener.log Command line argument: --add-opens=java.base/java.util=ALL-UNNAMED
30-Sep-2026 19:22:35.192 INFO [main] org.apache.catalina.startup.VersionLoggerListener.log Command line argument: --add-opens=java.base/java.util.concurrent=ALL-UNNAMED
30-Sep-2026 19:22:35.193 INFO [main] org.apache.catalina.startup.VersionLoggerListener.log Command line argument: --add-opens=java.rmi/sun.rmi.transport=ALL-UNNAMED
30-Sep-2026 19:22:35.193 INFO [main] org.apache.catalina.startup.VersionLoggerListener.log Command line argument: -Dcatalina.home=C:\..\..\..\..\..\tomcat\apache-tomcat-10.1.60
30-Sep-2026 19:22:35.193 INFO [main] org.apache.catalina.startup.VersionLoggerListener.log Command line argument: -Dcatalina.base=C:\Cookies-web\cookie-kitchen
30-Sep-2026 19:22:35.193 INFO [main] org.apache.catalina.startup.VersionLoggerListener.log Command line argument: -Djava.io.tmpdir=C:\Cookies-web\cookie-kitchen\temp
30-Sep-2026 19:22:35.195 INFO [main] org.apache.catalina.startup.VersionLoggerListener.log Command line argument: -Djava.util.logging.config.file=C:\Cookies-web\cookie-kitchen\conf\logging.properties
30-Sep-2026 19:22:35.195 INFO [main] org.apache.catalina.startup.VersionLoggerListener.log Command line argument: -Djava.util.logging.manager=org.apache.juli.ClassLoaderLogManager
30-Sep-2026 19:22:35.195 INFO [main] org.apache.catalina.startup.VersionLoggerListener.log Command line argument: -javaagent:C:\Program Files\JetBrains\IntelliJ IDEA 2026.2.3\lib\idea_rt.jar=57274
30-Sep-2026 19:22:35.195 INFO [main] org.apache.catalina.startup.VersionLoggerListener.log Command line argument: -Dfile.encoding=UTF-8
30-Sep-2026 19:22:35.195 INFO [main] org.apache.catalina.startup.VersionLoggerListener.log Command line argument: -Dsun.stdout.encoding=UTF-8
30-Sep-2026 19:22:35.195 INFO [main] org.apache.catalina.startup.VersionLoggerListener.log Command line argument: -Dsun.stderr.encoding=UTF-8
30-Sep-2026 19:22:35.207 INFO [main] org.apache.catalina.core.AprLifecycleListener.lifecycleEvent Loaded Apache Tomcat Native library [2.0.16] using APR version [1.7.6].
30-Sep-2026 19:22:35.220 INFO [main] org.apache.catalina.core.AprLifecycleListener.initializeSSL OpenSSL successfully initialized [OpenSSL 3.5.8 25 Aug 2026]
30-Sep-2026 19:22:35.743 INFO [main] org.apache.coyote.AbstractProtocol.init Initializing ProtocolHandler ["http-nio-8080"]
30-Sep-2026 19:22:35.769 INFO [main] org.apache.catalina.startup.Catalina.load Server initialization in [873] milliseconds
30-Sep-2026 19:22:35.826 INFO [main] org.apache.catalina.core.StandardService.startInternal Starting service [Catalina]
30-Sep-2026 19:22:35.826 INFO [main] org.apache.catalina.core.StandardEngine.startInternal Starting Servlet engine: [Apache Tomcat/10.1.60]
30-Sep-2026 19:22:35.841 INFO [main] org.apache.catalina.startup.HostConfig.deployDescriptor Deploying deployment descriptor [C:\Cookies-web\cookie-kitchen\conf\Catalina\localhost\cookie-kitchen.xml]
30-Sep-2026 19:22:37.247 INFO [main] org.apache.jasper.servlet.TldScanner.scanJars At least one JAR was scanned for TLDs yet contained no TLDs. Enable debug logging for this logger for a complete list of JARs that were scanned but no TLDs were found in them. Skipping unneeded JARs during scanning can improve startup time and JSP compilation time.
30-Sep-2026 19:22:37.330 INFO [main] org.apache.catalina.startup.HostConfig.deployDescriptor Deployment of deployment descriptor [C:\Cookies-web\cookie-kitchen\conf\Catalina\localhost\cookie-kitchen.xml] has finished in [1,486] ms
30-Sep-2026 19:22:37.333 INFO [main] org.apache.coyote.AbstractProtocol.start Starting ProtocolHandler ["http-nio-8080"]
30-Sep-2026 19:22:37.357 INFO [main] org.apache.catalina.startup.Catalina.start Server startup in [1586] milliseconds
30-Sep-2026 19:31:40.653 INFO [Thread-1] org.apache.coyote.AbstractProtocol.pause Pausing ProtocolHandler ["http-nio-8080"]
30-Sep-2026 19:31:40.665 INFO [Thread-1] org.apache.catalina.core.StandardService.stopInternal Stopping service [Catalina]
30-Sep-2026 19:31:40.681 WARNING [Thread-1] org.apache.catalina.loader.WebappClassLoaderBase.clearReferencesJdbc The web application [cookie-kitchen] registered the JDBC driver [com.mysql.cj.jdbc.Driver] but failed to unregister it when the web application was stopped. To prevent a memory leak, the JDBC Driver has been forcibly unregistered.
30-Sep-2026 19:31:40.682 WARNING [Thread-1] org.apache.catalina.loader.WebappClassLoaderBase.clearReferencesThreads The web application [cookie-kitchen] appears to have started a thread named [mysql-cj-abandoned-connection-cleanup] but has failed to stop it. This is very likely to create a memory leak. Stack trace of thread:
 java.base/java.lang.Object.wait0(Native Method)
 java.base/java.lang.Object.wait(Object.java:391)
 java.base/java.lang.ref.ReferenceQueue.remove0(ReferenceQueue.java:123)
 java.base/java.lang.ref.ReferenceQueue.remove(ReferenceQueue.java:201)
 com.mysql.cj.jdbc.AbandonedConnectionCleanupThread.run(AbandonedConnectionCleanupThread.java:84)
 java.base/java.util.concurrent.ThreadPoolExecutor.runWorker(ThreadPoolExecutor.java:1090)
 java.base/java.util.concurrent.ThreadPoolExecutor$Worker.run(ThreadPoolExecutor.java:614)
 java.base/java.lang.Thread.run(Thread.java:1516)
30-Sep-2026 19:31:40.695 INFO [Thread-1] org.apache.coyote.AbstractProtocol.stop Stopping ProtocolHandler ["http-nio-8080"]
30-Sep-2026 19:31:40.711 INFO [Thread-1] org.apache.coyote.AbstractProtocol.destroy Destroying ProtocolHandler ["http-nio-8080"]
30-Sep-2026 19:31:40.758 INFO [mysql-cj-abandoned-connection-cleanup] org.apache.catalina.loader.WebappClassLoaderBase.checkStateForResourceLoading Illegal access: this web application instance has been stopped already. Could not load []. The following stack trace is thrown for debugging purposes as well as to attempt to terminate the thread which caused the illegal access.
	java.lang.IllegalStateException: Illegal access: this web application instance has been stopped already. Could not load []. The following stack trace is thrown for debugging purposes as well as to attempt to terminate the thread which caused the illegal access.
		at org.apache.catalina.loader.WebappClassLoaderBase.checkStateForResourceLoading(WebappClassLoaderBase.java:1500)
		at org.apache.catalina.loader.WebappClassLoaderBase.getResource(WebappClassLoaderBase.java:1067)
		at com.mysql.cj.jdbc.AbandonedConnectionCleanupThread.checkThreadContextClassLoader(AbandonedConnectionCleanupThread.java:116)
		at com.mysql.cj.jdbc.AbandonedConnectionCleanupThread.run(AbandonedConnectionCleanupThread.java:83)
		at java.base/java.util.concurrent.ThreadPoolExecutor.runWorker(ThreadPoolExecutor.java:1090)
		at java.base/java.util.concurrent.ThreadPoolExecutor$Worker.run(ThreadPoolExecutor.java:614)
		at java.base/java.lang.Thread.run(Thread.java:1516)
