30-Sep-2026 14:43:18.301 SEVERE [http-nio-8080-exec-4] org.apache.catalina.core.StandardWrapperValve.invoke Servlet.service() for servlet [jsp] in context with path [/cookie-kitchen] threw exception [org.apache.jasper.JasperException: Unable to get JAR resource [/jakarta.tags.core] containing TLD: [java.io.FileNotFoundException]] with root cause
	org.apache.jasper.JasperException: Unable to get JAR resource [/jakarta.tags.core] containing TLD: [java.io.FileNotFoundException]
		at org.apache.jasper.compiler.DefaultErrorHandler.jspError(DefaultErrorHandler.java:35)
		at org.apache.jasper.compiler.ErrorDispatcher.dispatch(ErrorDispatcher.java:267)
		at org.apache.jasper.compiler.ErrorDispatcher.jspError(ErrorDispatcher.java:74)
		at org.apache.jasper.compiler.TagLibraryInfoImpl.generateTldResourcePath(TagLibraryInfoImpl.java:266)
		at org.apache.jasper.compiler.TagLibraryInfoImpl.<init>(TagLibraryInfoImpl.java:115)
		at org.apache.jasper.compiler.Parser.parseTaglibDirective(Parser.java:405)
		at org.apache.jasper.compiler.Parser.parseDirective(Parser.java:458)
		at org.apache.jasper.compiler.Parser.parseElements(Parser.java:1345)
		at org.apache.jasper.compiler.Parser.parse(Parser.java:127)
		at org.apache.jasper.compiler.ParserController.doParse(ParserController.java:250)
		at org.apache.jasper.compiler.ParserController.parse(ParserController.java:113)
		at org.apache.jasper.compiler.Compiler.generateJava(Compiler.java:229)
		at org.apache.jasper.compiler.Compiler.compile(Compiler.java:402)
		at org.apache.jasper.compiler.Compiler.compile(Compiler.java:380)
		at org.apache.jasper.compiler.Compiler.compile(Compiler.java:366)
		at org.apache.jasper.JspCompilationContext.compile(JspCompilationContext.java:736)
		at org.apache.jasper.servlet.JspServletWrapper.service(JspServletWrapper.java:441)
		at org.apache.jasper.servlet.JspServlet.serviceJspFile(JspServlet.java:359)
		at org.apache.jasper.servlet.JspServlet.service(JspServlet.java:310)
		at jakarta.servlet.http.HttpServlet.service(HttpServlet.java:658)
		at org.apache.catalina.core.ApplicationFilterChain.internalDoFilter(ApplicationFilterChain.java:197)
		at org.apache.catalina.core.ApplicationFilterChain.doFilter(ApplicationFilterChain.java:142)
		at org.apache.tomcat.websocket.server.WsFilter.doFilter(WsFilter.java:57)
		at org.apache.catalina.core.ApplicationFilterChain.internalDoFilter(ApplicationFilterChain.java:166)
		at org.apache.catalina.core.ApplicationFilterChain.doFilter(ApplicationFilterChain.java:142)
		at org.apache.catalina.core.StandardWrapperValve.invoke(StandardWrapperValve.java:166)
		at org.apache.catalina.core.StandardContextValve.invoke(StandardContextValve.java:88)
		at org.apache.catalina.authenticator.AuthenticatorBase.invoke(AuthenticatorBase.java:540)
		at org.apache.catalina.core.StandardHostValve.invoke(StandardHostValve.java:115)
		at org.apache.catalina.valves.ErrorReportValve.invoke(ErrorReportValve.java:86)
		at org.apache.catalina.valves.AbstractAccessLogValve.invoke(AbstractAccessLogValve.java:782)
		at org.apache.catalina.core.StandardEngineValve.invoke(StandardEngineValve.java:71)
		at org.apache.catalina.connector.CoyoteAdapter.service(CoyoteAdapter.java:348)
		at org.apache.coyote.http11.Http11Processor.service(Http11Processor.java:410)
		at org.apache.coyote.AbstractProcessorLight.process(AbstractProcessorLight.java:71)
		at org.apache.coyote.AbstractProtocol$ConnectionHandler.process(AbstractProtocol.java:1307)
		at org.apache.tomcat.util.net.NioEndpoint$SocketProcessor.doRun(NioEndpoint.java:2197)
		at org.apache.tomcat.util.net.SocketProcessorBase.run(SocketProcessorBase.java:74)
		at org.apache.tomcat.util.threads.ThreadPoolExecutor.runWorker(ThreadPoolExecutor.java:976)
		at org.apache.tomcat.util.threads.ThreadPoolExecutor$Worker.run(ThreadPoolExecutor.java:494)
		at org.apache.tomcat.util.threads.TaskThread$WrappingRunnable.run(TaskThread.java:80)
		at java.base/java.lang.Thread.run(Thread.java:1516)
30-Sep-2026 14:44:27.024 SEVERE [http-nio-8080-exec-3] org.apache.catalina.core.StandardWrapperValve.invoke Servlet.service() for servlet [jsp] in context with path [/cookie-kitchen] threw exception [org.apache.jasper.JasperException: Unable to get JAR resource [/jakarta.tags.core] containing TLD: [java.io.FileNotFoundException]] with root cause
	org.apache.jasper.JasperException: Unable to get JAR resource [/jakarta.tags.core] containing TLD: [java.io.FileNotFoundException]
		at org.apache.jasper.compiler.DefaultErrorHandler.jspError(DefaultErrorHandler.java:35)
		at org.apache.jasper.compiler.ErrorDispatcher.dispatch(ErrorDispatcher.java:267)
		at org.apache.jasper.compiler.ErrorDispatcher.jspError(ErrorDispatcher.java:74)
		at org.apache.jasper.compiler.TagLibraryInfoImpl.generateTldResourcePath(TagLibraryInfoImpl.java:266)
		at org.apache.jasper.compiler.TagLibraryInfoImpl.<init>(TagLibraryInfoImpl.java:115)
		at org.apache.jasper.compiler.Parser.parseTaglibDirective(Parser.java:405)
		at org.apache.jasper.compiler.Parser.parseDirective(Parser.java:458)
		at org.apache.jasper.compiler.Parser.parseElements(Parser.java:1345)
		at org.apache.jasper.compiler.Parser.parse(Parser.java:127)
		at org.apache.jasper.compiler.ParserController.doParse(ParserController.java:250)
		at org.apache.jasper.compiler.ParserController.parse(ParserController.java:113)
		at org.apache.jasper.compiler.Compiler.generateJava(Compiler.java:229)
		at org.apache.jasper.compiler.Compiler.compile(Compiler.java:402)
		at org.apache.jasper.compiler.Compiler.compile(Compiler.java:380)
		at org.apache.jasper.compiler.Compiler.compile(Compiler.java:366)
		at org.apache.jasper.JspCompilationContext.compile(JspCompilationContext.java:736)
		at org.apache.jasper.servlet.JspServletWrapper.service(JspServletWrapper.java:441)
		at org.apache.jasper.servlet.JspServlet.serviceJspFile(JspServlet.java:359)
		at org.apache.jasper.servlet.JspServlet.service(JspServlet.java:310)
		at jakarta.servlet.http.HttpServlet.service(HttpServlet.java:658)
		at org.apache.catalina.core.ApplicationFilterChain.internalDoFilter(ApplicationFilterChain.java:197)
		at org.apache.catalina.core.ApplicationFilterChain.doFilter(ApplicationFilterChain.java:142)
		at org.apache.tomcat.websocket.server.WsFilter.doFilter(WsFilter.java:57)
		at org.apache.catalina.core.ApplicationFilterChain.internalDoFilter(ApplicationFilterChain.java:166)
		at org.apache.catalina.core.ApplicationFilterChain.doFilter(ApplicationFilterChain.java:142)
		at org.apache.catalina.core.StandardWrapperValve.invoke(StandardWrapperValve.java:166)
		at org.apache.catalina.core.StandardContextValve.invoke(StandardContextValve.java:88)
		at org.apache.catalina.authenticator.AuthenticatorBase.invoke(AuthenticatorBase.java:540)
		at org.apache.catalina.core.StandardHostValve.invoke(StandardHostValve.java:115)
		at org.apache.catalina.valves.ErrorReportValve.invoke(ErrorReportValve.java:86)
		at org.apache.catalina.valves.AbstractAccessLogValve.invoke(AbstractAccessLogValve.java:782)
		at org.apache.catalina.core.StandardEngineValve.invoke(StandardEngineValve.java:71)
		at org.apache.catalina.connector.CoyoteAdapter.service(CoyoteAdapter.java:348)
		at org.apache.coyote.http11.Http11Processor.service(Http11Processor.java:410)
		at org.apache.coyote.AbstractProcessorLight.process(AbstractProcessorLight.java:71)
		at org.apache.coyote.AbstractProtocol$ConnectionHandler.process(AbstractProtocol.java:1307)
		at org.apache.tomcat.util.net.NioEndpoint$SocketProcessor.doRun(NioEndpoint.java:2197)
		at org.apache.tomcat.util.net.SocketProcessorBase.run(SocketProcessorBase.java:74)
		at org.apache.tomcat.util.threads.ThreadPoolExecutor.runWorker(ThreadPoolExecutor.java:976)
		at org.apache.tomcat.util.threads.ThreadPoolExecutor$Worker.run(ThreadPoolExecutor.java:494)
		at org.apache.tomcat.util.threads.TaskThread$WrappingRunnable.run(TaskThread.java:80)
		at java.base/java.lang.Thread.run(Thread.java:1516)
30-Sep-2026 14:54:04.789 SEVERE [http-nio-8080-exec-3] org.apache.catalina.core.StandardWrapperValve.invoke Servlet.service() for servlet [jsp] in context with path [/cookie-kitchen] threw exception [org.apache.jasper.JasperException: Unable to get JAR resource [/jakarta.tags.core] containing TLD: [java.io.FileNotFoundException]] with root cause
	org.apache.jasper.JasperException: Unable to get JAR resource [/jakarta.tags.core] containing TLD: [java.io.FileNotFoundException]
		at org.apache.jasper.compiler.DefaultErrorHandler.jspError(DefaultErrorHandler.java:35)
		at org.apache.jasper.compiler.ErrorDispatcher.dispatch(ErrorDispatcher.java:267)
		at org.apache.jasper.compiler.ErrorDispatcher.jspError(ErrorDispatcher.java:74)
		at org.apache.jasper.compiler.TagLibraryInfoImpl.generateTldResourcePath(TagLibraryInfoImpl.java:266)
		at org.apache.jasper.compiler.TagLibraryInfoImpl.<init>(TagLibraryInfoImpl.java:115)
		at org.apache.jasper.compiler.Parser.parseTaglibDirective(Parser.java:405)
		at org.apache.jasper.compiler.Parser.parseDirective(Parser.java:458)
		at org.apache.jasper.compiler.Parser.parseElements(Parser.java:1345)
		at org.apache.jasper.compiler.Parser.parse(Parser.java:127)
		at org.apache.jasper.compiler.ParserController.doParse(ParserController.java:250)
		at org.apache.jasper.compiler.ParserController.parse(ParserController.java:113)
		at org.apache.jasper.compiler.Compiler.generateJava(Compiler.java:229)
		at org.apache.jasper.compiler.Compiler.compile(Compiler.java:402)
		at org.apache.jasper.compiler.Compiler.compile(Compiler.java:380)
		at org.apache.jasper.compiler.Compiler.compile(Compiler.java:366)
		at org.apache.jasper.JspCompilationContext.compile(JspCompilationContext.java:736)
		at org.apache.jasper.servlet.JspServletWrapper.service(JspServletWrapper.java:441)
		at org.apache.jasper.servlet.JspServlet.serviceJspFile(JspServlet.java:359)
		at org.apache.jasper.servlet.JspServlet.service(JspServlet.java:310)
		at jakarta.servlet.http.HttpServlet.service(HttpServlet.java:658)
		at org.apache.catalina.core.ApplicationFilterChain.internalDoFilter(ApplicationFilterChain.java:197)
		at org.apache.catalina.core.ApplicationFilterChain.doFilter(ApplicationFilterChain.java:142)
		at org.apache.tomcat.websocket.server.WsFilter.doFilter(WsFilter.java:57)
		at org.apache.catalina.core.ApplicationFilterChain.internalDoFilter(ApplicationFilterChain.java:166)
		at org.apache.catalina.core.ApplicationFilterChain.doFilter(ApplicationFilterChain.java:142)
		at org.apache.catalina.core.StandardWrapperValve.invoke(StandardWrapperValve.java:166)
		at org.apache.catalina.core.StandardContextValve.invoke(StandardContextValve.java:88)
		at org.apache.catalina.authenticator.AuthenticatorBase.invoke(AuthenticatorBase.java:540)
		at org.apache.catalina.core.StandardHostValve.invoke(StandardHostValve.java:115)
		at org.apache.catalina.valves.ErrorReportValve.invoke(ErrorReportValve.java:86)
		at org.apache.catalina.valves.AbstractAccessLogValve.invoke(AbstractAccessLogValve.java:782)
		at org.apache.catalina.core.StandardEngineValve.invoke(StandardEngineValve.java:71)
		at org.apache.catalina.connector.CoyoteAdapter.service(CoyoteAdapter.java:348)
		at org.apache.coyote.http11.Http11Processor.service(Http11Processor.java:410)
		at org.apache.coyote.AbstractProcessorLight.process(AbstractProcessorLight.java:71)
		at org.apache.coyote.AbstractProtocol$ConnectionHandler.process(AbstractProtocol.java:1307)
		at org.apache.tomcat.util.net.NioEndpoint$SocketProcessor.doRun(NioEndpoint.java:2197)
		at org.apache.tomcat.util.net.SocketProcessorBase.run(SocketProcessorBase.java:74)
		at org.apache.tomcat.util.threads.ThreadPoolExecutor.runWorker(ThreadPoolExecutor.java:976)
		at org.apache.tomcat.util.threads.ThreadPoolExecutor$Worker.run(ThreadPoolExecutor.java:494)
		at org.apache.tomcat.util.threads.TaskThread$WrappingRunnable.run(TaskThread.java:80)
		at java.base/java.lang.Thread.run(Thread.java:1516)
30-Sep-2026 14:55:35.276 SEVERE [http-nio-8080-exec-3] org.apache.catalina.core.StandardWrapperValve.invoke Servlet.service() for servlet [jsp] in context with path [/cookie-kitchen] threw exception [org.apache.jasper.JasperException: Unable to get JAR resource [/jakarta.tags.core] containing TLD: [java.io.FileNotFoundException]] with root cause
	org.apache.jasper.JasperException: Unable to get JAR resource [/jakarta.tags.core] containing TLD: [java.io.FileNotFoundException]
		at org.apache.jasper.compiler.DefaultErrorHandler.jspError(DefaultErrorHandler.java:35)
		at org.apache.jasper.compiler.ErrorDispatcher.dispatch(ErrorDispatcher.java:267)
		at org.apache.jasper.compiler.ErrorDispatcher.jspError(ErrorDispatcher.java:74)
		at org.apache.jasper.compiler.TagLibraryInfoImpl.generateTldResourcePath(TagLibraryInfoImpl.java:266)
		at org.apache.jasper.compiler.TagLibraryInfoImpl.<init>(TagLibraryInfoImpl.java:115)
		at org.apache.jasper.compiler.Parser.parseTaglibDirective(Parser.java:405)
		at org.apache.jasper.compiler.Parser.parseDirective(Parser.java:458)
		at org.apache.jasper.compiler.Parser.parseElements(Parser.java:1345)
		at org.apache.jasper.compiler.Parser.parse(Parser.java:127)
		at org.apache.jasper.compiler.ParserController.doParse(ParserController.java:250)
		at org.apache.jasper.compiler.ParserController.parse(ParserController.java:113)
		at org.apache.jasper.compiler.Compiler.generateJava(Compiler.java:229)
		at org.apache.jasper.compiler.Compiler.compile(Compiler.java:402)
		at org.apache.jasper.compiler.Compiler.compile(Compiler.java:380)
		at org.apache.jasper.compiler.Compiler.compile(Compiler.java:366)
		at org.apache.jasper.JspCompilationContext.compile(JspCompilationContext.java:736)
		at org.apache.jasper.servlet.JspServletWrapper.service(JspServletWrapper.java:441)
		at org.apache.jasper.servlet.JspServlet.serviceJspFile(JspServlet.java:359)
		at org.apache.jasper.servlet.JspServlet.service(JspServlet.java:310)
		at jakarta.servlet.http.HttpServlet.service(HttpServlet.java:658)
		at org.apache.catalina.core.ApplicationFilterChain.internalDoFilter(ApplicationFilterChain.java:197)
		at org.apache.catalina.core.ApplicationFilterChain.doFilter(ApplicationFilterChain.java:142)
		at org.apache.tomcat.websocket.server.WsFilter.doFilter(WsFilter.java:57)
		at org.apache.catalina.core.ApplicationFilterChain.internalDoFilter(ApplicationFilterChain.java:166)
		at org.apache.catalina.core.ApplicationFilterChain.doFilter(ApplicationFilterChain.java:142)
		at org.apache.catalina.core.StandardWrapperValve.invoke(StandardWrapperValve.java:166)
		at org.apache.catalina.core.StandardContextValve.invoke(StandardContextValve.java:88)
		at org.apache.catalina.authenticator.AuthenticatorBase.invoke(AuthenticatorBase.java:540)
		at org.apache.catalina.core.StandardHostValve.invoke(StandardHostValve.java:115)
		at org.apache.catalina.valves.ErrorReportValve.invoke(ErrorReportValve.java:86)
		at org.apache.catalina.valves.AbstractAccessLogValve.invoke(AbstractAccessLogValve.java:782)
		at org.apache.catalina.core.StandardEngineValve.invoke(StandardEngineValve.java:71)
		at org.apache.catalina.connector.CoyoteAdapter.service(CoyoteAdapter.java:348)
		at org.apache.coyote.http11.Http11Processor.service(Http11Processor.java:410)
		at org.apache.coyote.AbstractProcessorLight.process(AbstractProcessorLight.java:71)
		at org.apache.coyote.AbstractProtocol$ConnectionHandler.process(AbstractProtocol.java:1307)
		at org.apache.tomcat.util.net.NioEndpoint$SocketProcessor.doRun(NioEndpoint.java:2197)
		at org.apache.tomcat.util.net.SocketProcessorBase.run(SocketProcessorBase.java:74)
		at org.apache.tomcat.util.threads.ThreadPoolExecutor.runWorker(ThreadPoolExecutor.java:976)
		at org.apache.tomcat.util.threads.ThreadPoolExecutor$Worker.run(ThreadPoolExecutor.java:494)
		at org.apache.tomcat.util.threads.TaskThread$WrappingRunnable.run(TaskThread.java:80)
		at java.base/java.lang.Thread.run(Thread.java:1516)
30-Sep-2026 14:57:17.860 SEVERE [http-nio-8080-exec-3] org.apache.catalina.core.StandardWrapperValve.invoke Servlet.service() for servlet [jsp] in context with path [/cookie-kitchen] threw exception [org.apache.jasper.JasperException: Unable to get JAR resource [/jakarta.tags.core] containing TLD: [java.io.FileNotFoundException]] with root cause
	org.apache.jasper.JasperException: Unable to get JAR resource [/jakarta.tags.core] containing TLD: [java.io.FileNotFoundException]
		at org.apache.jasper.compiler.DefaultErrorHandler.jspError(DefaultErrorHandler.java:35)
		at org.apache.jasper.compiler.ErrorDispatcher.dispatch(ErrorDispatcher.java:267)
		at org.apache.jasper.compiler.ErrorDispatcher.jspError(ErrorDispatcher.java:74)
		at org.apache.jasper.compiler.TagLibraryInfoImpl.generateTldResourcePath(TagLibraryInfoImpl.java:266)
		at org.apache.jasper.compiler.TagLibraryInfoImpl.<init>(TagLibraryInfoImpl.java:115)
		at org.apache.jasper.compiler.Parser.parseTaglibDirective(Parser.java:405)
		at org.apache.jasper.compiler.Parser.parseDirective(Parser.java:458)
		at org.apache.jasper.compiler.Parser.parseElements(Parser.java:1345)
		at org.apache.jasper.compiler.Parser.parse(Parser.java:127)
		at org.apache.jasper.compiler.ParserController.doParse(ParserController.java:250)
		at org.apache.jasper.compiler.ParserController.parse(ParserController.java:113)
		at org.apache.jasper.compiler.Compiler.generateJava(Compiler.java:229)
		at org.apache.jasper.compiler.Compiler.compile(Compiler.java:402)
		at org.apache.jasper.compiler.Compiler.compile(Compiler.java:380)
		at org.apache.jasper.compiler.Compiler.compile(Compiler.java:366)
		at org.apache.jasper.JspCompilationContext.compile(JspCompilationContext.java:736)
		at org.apache.jasper.servlet.JspServletWrapper.service(JspServletWrapper.java:441)
		at org.apache.jasper.servlet.JspServlet.serviceJspFile(JspServlet.java:359)
		at org.apache.jasper.servlet.JspServlet.service(JspServlet.java:310)
		at jakarta.servlet.http.HttpServlet.service(HttpServlet.java:658)
		at org.apache.catalina.core.ApplicationFilterChain.internalDoFilter(ApplicationFilterChain.java:197)
		at org.apache.catalina.core.ApplicationFilterChain.doFilter(ApplicationFilterChain.java:142)
		at org.apache.tomcat.websocket.server.WsFilter.doFilter(WsFilter.java:57)
		at org.apache.catalina.core.ApplicationFilterChain.internalDoFilter(ApplicationFilterChain.java:166)
		at org.apache.catalina.core.ApplicationFilterChain.doFilter(ApplicationFilterChain.java:142)
		at org.apache.catalina.core.StandardWrapperValve.invoke(StandardWrapperValve.java:166)
		at org.apache.catalina.core.StandardContextValve.invoke(StandardContextValve.java:88)
		at org.apache.catalina.authenticator.AuthenticatorBase.invoke(AuthenticatorBase.java:540)
		at org.apache.catalina.core.StandardHostValve.invoke(StandardHostValve.java:115)
		at org.apache.catalina.valves.ErrorReportValve.invoke(ErrorReportValve.java:86)
		at org.apache.catalina.valves.AbstractAccessLogValve.invoke(AbstractAccessLogValve.java:782)
		at org.apache.catalina.core.StandardEngineValve.invoke(StandardEngineValve.java:71)
		at org.apache.catalina.connector.CoyoteAdapter.service(CoyoteAdapter.java:348)
		at org.apache.coyote.http11.Http11Processor.service(Http11Processor.java:410)
		at org.apache.coyote.AbstractProcessorLight.process(AbstractProcessorLight.java:71)
		at org.apache.coyote.AbstractProtocol$ConnectionHandler.process(AbstractProtocol.java:1307)
		at org.apache.tomcat.util.net.NioEndpoint$SocketProcessor.doRun(NioEndpoint.java:2197)
		at org.apache.tomcat.util.net.SocketProcessorBase.run(SocketProcessorBase.java:74)
		at org.apache.tomcat.util.threads.ThreadPoolExecutor.runWorker(ThreadPoolExecutor.java:976)
		at org.apache.tomcat.util.threads.ThreadPoolExecutor$Worker.run(ThreadPoolExecutor.java:494)
		at org.apache.tomcat.util.threads.TaskThread$WrappingRunnable.run(TaskThread.java:80)
		at java.base/java.lang.Thread.run(Thread.java:1516)
30-Sep-2026 15:01:18.932 SEVERE [http-nio-8080-exec-4] org.apache.catalina.core.StandardWrapperValve.invoke Servlet.service() for servlet [jsp] in context with path [/cookie-kitchen] threw exception [org.apache.jasper.JasperException: Unable to get JAR resource [/jakarta.tags.core] containing TLD: [java.io.FileNotFoundException]] with root cause
	org.apache.jasper.JasperException: Unable to get JAR resource [/jakarta.tags.core] containing TLD: [java.io.FileNotFoundException]
		at org.apache.jasper.compiler.DefaultErrorHandler.jspError(DefaultErrorHandler.java:35)
		at org.apache.jasper.compiler.ErrorDispatcher.dispatch(ErrorDispatcher.java:267)
		at org.apache.jasper.compiler.ErrorDispatcher.jspError(ErrorDispatcher.java:74)
		at org.apache.jasper.compiler.TagLibraryInfoImpl.generateTldResourcePath(TagLibraryInfoImpl.java:266)
		at org.apache.jasper.compiler.TagLibraryInfoImpl.<init>(TagLibraryInfoImpl.java:115)
		at org.apache.jasper.compiler.Parser.parseTaglibDirective(Parser.java:405)
		at org.apache.jasper.compiler.Parser.parseDirective(Parser.java:458)
		at org.apache.jasper.compiler.Parser.parseElements(Parser.java:1345)
		at org.apache.jasper.compiler.Parser.parse(Parser.java:127)
		at org.apache.jasper.compiler.ParserController.doParse(ParserController.java:250)
		at org.apache.jasper.compiler.ParserController.parse(ParserController.java:113)
		at org.apache.jasper.compiler.Compiler.generateJava(Compiler.java:229)
		at org.apache.jasper.compiler.Compiler.compile(Compiler.java:402)
		at org.apache.jasper.compiler.Compiler.compile(Compiler.java:380)
		at org.apache.jasper.compiler.Compiler.compile(Compiler.java:366)
		at org.apache.jasper.JspCompilationContext.compile(JspCompilationContext.java:736)
		at org.apache.jasper.servlet.JspServletWrapper.service(JspServletWrapper.java:441)
		at org.apache.jasper.servlet.JspServlet.serviceJspFile(JspServlet.java:359)
		at org.apache.jasper.servlet.JspServlet.service(JspServlet.java:310)
		at jakarta.servlet.http.HttpServlet.service(HttpServlet.java:658)
		at org.apache.catalina.core.ApplicationFilterChain.internalDoFilter(ApplicationFilterChain.java:197)
		at org.apache.catalina.core.ApplicationFilterChain.doFilter(ApplicationFilterChain.java:142)
		at org.apache.tomcat.websocket.server.WsFilter.doFilter(WsFilter.java:57)
		at org.apache.catalina.core.ApplicationFilterChain.internalDoFilter(ApplicationFilterChain.java:166)
		at org.apache.catalina.core.ApplicationFilterChain.doFilter(ApplicationFilterChain.java:142)
		at org.apache.catalina.core.StandardWrapperValve.invoke(StandardWrapperValve.java:166)
		at org.apache.catalina.core.StandardContextValve.invoke(StandardContextValve.java:88)
		at org.apache.catalina.authenticator.AuthenticatorBase.invoke(AuthenticatorBase.java:540)
		at org.apache.catalina.core.StandardHostValve.invoke(StandardHostValve.java:115)
		at org.apache.catalina.valves.ErrorReportValve.invoke(ErrorReportValve.java:86)
		at org.apache.catalina.valves.AbstractAccessLogValve.invoke(AbstractAccessLogValve.java:782)
		at org.apache.catalina.core.StandardEngineValve.invoke(StandardEngineValve.java:71)
		at org.apache.catalina.connector.CoyoteAdapter.service(CoyoteAdapter.java:348)
		at org.apache.coyote.http11.Http11Processor.service(Http11Processor.java:410)
		at org.apache.coyote.AbstractProcessorLight.process(AbstractProcessorLight.java:71)
		at org.apache.coyote.AbstractProtocol$ConnectionHandler.process(AbstractProtocol.java:1307)
		at org.apache.tomcat.util.net.NioEndpoint$SocketProcessor.doRun(NioEndpoint.java:2197)
		at org.apache.tomcat.util.net.SocketProcessorBase.run(SocketProcessorBase.java:74)
		at org.apache.tomcat.util.threads.ThreadPoolExecutor.runWorker(ThreadPoolExecutor.java:976)
		at org.apache.tomcat.util.threads.ThreadPoolExecutor$Worker.run(ThreadPoolExecutor.java:494)
		at org.apache.tomcat.util.threads.TaskThread$WrappingRunnable.run(TaskThread.java:80)
		at java.base/java.lang.Thread.run(Thread.java:1516)
30-Sep-2026 15:09:20.504 SEVERE [http-nio-8080-exec-3] org.apache.catalina.core.StandardWrapperValve.invoke Servlet.service() for servlet [jsp] in context with path [/cookie-kitchen] threw exception [org.apache.jasper.JasperException: Unable to get JAR resource [/jakarta.tags.core] containing TLD: [java.io.FileNotFoundException]] with root cause
	org.apache.jasper.JasperException: Unable to get JAR resource [/jakarta.tags.core] containing TLD: [java.io.FileNotFoundException]
		at org.apache.jasper.compiler.DefaultErrorHandler.jspError(DefaultErrorHandler.java:35)
		at org.apache.jasper.compiler.ErrorDispatcher.dispatch(ErrorDispatcher.java:267)
		at org.apache.jasper.compiler.ErrorDispatcher.jspError(ErrorDispatcher.java:74)
		at org.apache.jasper.compiler.TagLibraryInfoImpl.generateTldResourcePath(TagLibraryInfoImpl.java:266)
		at org.apache.jasper.compiler.TagLibraryInfoImpl.<init>(TagLibraryInfoImpl.java:115)
		at org.apache.jasper.compiler.Parser.parseTaglibDirective(Parser.java:405)
		at org.apache.jasper.compiler.Parser.parseDirective(Parser.java:458)
		at org.apache.jasper.compiler.Parser.parseElements(Parser.java:1345)
		at org.apache.jasper.compiler.Parser.parse(Parser.java:127)
		at org.apache.jasper.compiler.ParserController.doParse(ParserController.java:250)
		at org.apache.jasper.compiler.ParserController.parse(ParserController.java:113)
		at org.apache.jasper.compiler.Compiler.generateJava(Compiler.java:229)
		at org.apache.jasper.compiler.Compiler.compile(Compiler.java:402)
		at org.apache.jasper.compiler.Compiler.compile(Compiler.java:380)
		at org.apache.jasper.compiler.Compiler.compile(Compiler.java:366)
		at org.apache.jasper.JspCompilationContext.compile(JspCompilationContext.java:736)
		at org.apache.jasper.servlet.JspServletWrapper.service(JspServletWrapper.java:441)
		at org.apache.jasper.servlet.JspServlet.serviceJspFile(JspServlet.java:359)
		at org.apache.jasper.servlet.JspServlet.service(JspServlet.java:310)
		at jakarta.servlet.http.HttpServlet.service(HttpServlet.java:658)
		at org.apache.catalina.core.ApplicationFilterChain.internalDoFilter(ApplicationFilterChain.java:197)
		at org.apache.catalina.core.ApplicationFilterChain.doFilter(ApplicationFilterChain.java:142)
		at org.apache.tomcat.websocket.server.WsFilter.doFilter(WsFilter.java:57)
		at org.apache.catalina.core.ApplicationFilterChain.internalDoFilter(ApplicationFilterChain.java:166)
		at org.apache.catalina.core.ApplicationFilterChain.doFilter(ApplicationFilterChain.java:142)
		at org.apache.catalina.core.StandardWrapperValve.invoke(StandardWrapperValve.java:166)
		at org.apache.catalina.core.StandardContextValve.invoke(StandardContextValve.java:88)
		at org.apache.catalina.authenticator.AuthenticatorBase.invoke(AuthenticatorBase.java:540)
		at org.apache.catalina.core.StandardHostValve.invoke(StandardHostValve.java:115)
		at org.apache.catalina.valves.ErrorReportValve.invoke(ErrorReportValve.java:86)
		at org.apache.catalina.valves.AbstractAccessLogValve.invoke(AbstractAccessLogValve.java:782)
		at org.apache.catalina.core.StandardEngineValve.invoke(StandardEngineValve.java:71)
		at org.apache.catalina.connector.CoyoteAdapter.service(CoyoteAdapter.java:348)
		at org.apache.coyote.http11.Http11Processor.service(Http11Processor.java:410)
		at org.apache.coyote.AbstractProcessorLight.process(AbstractProcessorLight.java:71)
		at org.apache.coyote.AbstractProtocol$ConnectionHandler.process(AbstractProtocol.java:1307)
		at org.apache.tomcat.util.net.NioEndpoint$SocketProcessor.doRun(NioEndpoint.java:2197)
		at org.apache.tomcat.util.net.SocketProcessorBase.run(SocketProcessorBase.java:74)
		at org.apache.tomcat.util.threads.ThreadPoolExecutor.runWorker(ThreadPoolExecutor.java:976)
		at org.apache.tomcat.util.threads.ThreadPoolExecutor$Worker.run(ThreadPoolExecutor.java:494)
		at org.apache.tomcat.util.threads.TaskThread$WrappingRunnable.run(TaskThread.java:80)
		at java.base/java.lang.Thread.run(Thread.java:1516)
30-Sep-2026 15:13:18.815 SEVERE [http-nio-8080-exec-3] org.apache.catalina.core.StandardWrapperValve.invoke Servlet.service() for servlet [jsp] in context with path [/cookie-kitchen] threw exception [org.apache.jasper.JasperException: Unable to get JAR resource [/jakarta.tags.core] containing TLD: [java.io.FileNotFoundException]] with root cause
	org.apache.jasper.JasperException: Unable to get JAR resource [/jakarta.tags.core] containing TLD: [java.io.FileNotFoundException]
		at org.apache.jasper.compiler.DefaultErrorHandler.jspError(DefaultErrorHandler.java:35)
		at org.apache.jasper.compiler.ErrorDispatcher.dispatch(ErrorDispatcher.java:267)
		at org.apache.jasper.compiler.ErrorDispatcher.jspError(ErrorDispatcher.java:74)
		at org.apache.jasper.compiler.TagLibraryInfoImpl.generateTldResourcePath(TagLibraryInfoImpl.java:266)
		at org.apache.jasper.compiler.TagLibraryInfoImpl.<init>(TagLibraryInfoImpl.java:115)
		at org.apache.jasper.compiler.Parser.parseTaglibDirective(Parser.java:405)
		at org.apache.jasper.compiler.Parser.parseDirective(Parser.java:458)
		at org.apache.jasper.compiler.Parser.parseElements(Parser.java:1345)
		at org.apache.jasper.compiler.Parser.parse(Parser.java:127)
		at org.apache.jasper.compiler.ParserController.doParse(ParserController.java:250)
		at org.apache.jasper.compiler.ParserController.parse(ParserController.java:113)
		at org.apache.jasper.compiler.Compiler.generateJava(Compiler.java:229)
		at org.apache.jasper.compiler.Compiler.compile(Compiler.java:402)
		at org.apache.jasper.compiler.Compiler.compile(Compiler.java:380)
		at org.apache.jasper.compiler.Compiler.compile(Compiler.java:366)
		at org.apache.jasper.JspCompilationContext.compile(JspCompilationContext.java:736)
		at org.apache.jasper.servlet.JspServletWrapper.service(JspServletWrapper.java:441)
		at org.apache.jasper.servlet.JspServlet.serviceJspFile(JspServlet.java:359)
		at org.apache.jasper.servlet.JspServlet.service(JspServlet.java:310)
		at jakarta.servlet.http.HttpServlet.service(HttpServlet.java:658)
		at org.apache.catalina.core.ApplicationFilterChain.internalDoFilter(ApplicationFilterChain.java:197)
		at org.apache.catalina.core.ApplicationFilterChain.doFilter(ApplicationFilterChain.java:142)
		at org.apache.tomcat.websocket.server.WsFilter.doFilter(WsFilter.java:57)
		at org.apache.catalina.core.ApplicationFilterChain.internalDoFilter(ApplicationFilterChain.java:166)
		at org.apache.catalina.core.ApplicationFilterChain.doFilter(ApplicationFilterChain.java:142)
		at org.apache.catalina.core.StandardWrapperValve.invoke(StandardWrapperValve.java:166)
		at org.apache.catalina.core.StandardContextValve.invoke(StandardContextValve.java:88)
		at org.apache.catalina.authenticator.AuthenticatorBase.invoke(AuthenticatorBase.java:540)
		at org.apache.catalina.core.StandardHostValve.invoke(StandardHostValve.java:115)
		at org.apache.catalina.valves.ErrorReportValve.invoke(ErrorReportValve.java:86)
		at org.apache.catalina.valves.AbstractAccessLogValve.invoke(AbstractAccessLogValve.java:782)
		at org.apache.catalina.core.StandardEngineValve.invoke(StandardEngineValve.java:71)
		at org.apache.catalina.connector.CoyoteAdapter.service(CoyoteAdapter.java:348)
		at org.apache.coyote.http11.Http11Processor.service(Http11Processor.java:410)
		at org.apache.coyote.AbstractProcessorLight.process(AbstractProcessorLight.java:71)
		at org.apache.coyote.AbstractProtocol$ConnectionHandler.process(AbstractProtocol.java:1307)
		at org.apache.tomcat.util.net.NioEndpoint$SocketProcessor.doRun(NioEndpoint.java:2197)
		at org.apache.tomcat.util.net.SocketProcessorBase.run(SocketProcessorBase.java:74)
		at org.apache.tomcat.util.threads.ThreadPoolExecutor.runWorker(ThreadPoolExecutor.java:976)
		at org.apache.tomcat.util.threads.ThreadPoolExecutor$Worker.run(ThreadPoolExecutor.java:494)
		at org.apache.tomcat.util.threads.TaskThread$WrappingRunnable.run(TaskThread.java:80)
		at java.base/java.lang.Thread.run(Thread.java:1516)
30-Sep-2026 15:26:35.220 SEVERE [http-nio-8080-exec-3] org.apache.catalina.core.StandardWrapperValve.invoke Servlet.service() for servlet [servlet.TestServlet] in context with path [/cookie-kitchen] threw exception [Database error] with root cause
	java.sql.SQLException: No suitable driver found for jdbc:mysql://localhost:3306/cookie_kitchen
		at java.sql/java.sql.DriverManager.getConnection(DriverManager.java:638)
		at java.sql/java.sql.DriverManager.getConnection(DriverManager.java:199)
		at util.DBConnection.getConnection(DBConnection.java:23)
		at dao.ProductDAO.getALLProducts(ProductDAO.java:9)
		at servlet.TestServlet.doGet(TestServlet.java:22)
		at jakarta.servlet.http.HttpServlet.service(HttpServlet.java:564)
		at jakarta.servlet.http.HttpServlet.service(HttpServlet.java:658)
		at org.apache.catalina.core.ApplicationFilterChain.internalDoFilter(ApplicationFilterChain.java:197)
		at org.apache.catalina.core.ApplicationFilterChain.doFilter(ApplicationFilterChain.java:142)
		at org.apache.tomcat.websocket.server.WsFilter.doFilter(WsFilter.java:57)
		at org.apache.catalina.core.ApplicationFilterChain.internalDoFilter(ApplicationFilterChain.java:166)
		at org.apache.catalina.core.ApplicationFilterChain.doFilter(ApplicationFilterChain.java:142)
		at org.apache.catalina.core.StandardWrapperValve.invoke(StandardWrapperValve.java:166)
		at org.apache.catalina.core.StandardContextValve.invoke(StandardContextValve.java:88)
		at org.apache.catalina.authenticator.AuthenticatorBase.invoke(AuthenticatorBase.java:540)
		at org.apache.catalina.core.StandardHostValve.invoke(StandardHostValve.java:115)
		at org.apache.catalina.valves.ErrorReportValve.invoke(ErrorReportValve.java:86)
		at org.apache.catalina.valves.AbstractAccessLogValve.invoke(AbstractAccessLogValve.java:782)
		at org.apache.catalina.core.StandardEngineValve.invoke(StandardEngineValve.java:71)
		at org.apache.catalina.connector.CoyoteAdapter.service(CoyoteAdapter.java:348)
		at org.apache.coyote.http11.Http11Processor.service(Http11Processor.java:410)
		at org.apache.coyote.AbstractProcessorLight.process(AbstractProcessorLight.java:71)
		at org.apache.coyote.AbstractProtocol$ConnectionHandler.process(AbstractProtocol.java:1307)
		at org.apache.tomcat.util.net.NioEndpoint$SocketProcessor.doRun(NioEndpoint.java:2197)
		at org.apache.tomcat.util.net.SocketProcessorBase.run(SocketProcessorBase.java:74)
		at org.apache.tomcat.util.threads.ThreadPoolExecutor.runWorker(ThreadPoolExecutor.java:976)
		at org.apache.tomcat.util.threads.ThreadPoolExecutor$Worker.run(ThreadPoolExecutor.java:494)
		at org.apache.tomcat.util.threads.TaskThread$WrappingRunnable.run(TaskThread.java:80)
		at java.base/java.lang.Thread.run(Thread.java:1516)
30-Sep-2026 15:29:36.847 SEVERE [http-nio-8080-exec-3] org.apache.catalina.core.StandardWrapperValve.invoke Servlet.service() for servlet [servlet.TestServlet] in context with path [/cookie-kitchen] threw exception [Database error] with root cause
	java.sql.SQLException: No suitable driver found for jdbc:mysql://localhost:3306/cookie_kitchen
		at java.sql/java.sql.DriverManager.getConnection(DriverManager.java:638)
		at java.sql/java.sql.DriverManager.getConnection(DriverManager.java:199)
		at util.DBConnection.getConnection(DBConnection.java:23)
		at dao.ProductDAO.getALLProducts(ProductDAO.java:9)
		at servlet.TestServlet.doGet(TestServlet.java:22)
		at jakarta.servlet.http.HttpServlet.service(HttpServlet.java:564)
		at jakarta.servlet.http.HttpServlet.service(HttpServlet.java:658)
		at org.apache.catalina.core.ApplicationFilterChain.internalDoFilter(ApplicationFilterChain.java:197)
		at org.apache.catalina.core.ApplicationFilterChain.doFilter(ApplicationFilterChain.java:142)
		at org.apache.tomcat.websocket.server.WsFilter.doFilter(WsFilter.java:57)
		at org.apache.catalina.core.ApplicationFilterChain.internalDoFilter(ApplicationFilterChain.java:166)
		at org.apache.catalina.core.ApplicationFilterChain.doFilter(ApplicationFilterChain.java:142)
		at org.apache.catalina.core.StandardWrapperValve.invoke(StandardWrapperValve.java:166)
		at org.apache.catalina.core.StandardContextValve.invoke(StandardContextValve.java:88)
		at org.apache.catalina.authenticator.AuthenticatorBase.invoke(AuthenticatorBase.java:540)
		at org.apache.catalina.core.StandardHostValve.invoke(StandardHostValve.java:115)
		at org.apache.catalina.valves.ErrorReportValve.invoke(ErrorReportValve.java:86)
		at org.apache.catalina.valves.AbstractAccessLogValve.invoke(AbstractAccessLogValve.java:782)
		at org.apache.catalina.core.StandardEngineValve.invoke(StandardEngineValve.java:71)
		at org.apache.catalina.connector.CoyoteAdapter.service(CoyoteAdapter.java:348)
		at org.apache.coyote.http11.Http11Processor.service(Http11Processor.java:410)
		at org.apache.coyote.AbstractProcessorLight.process(AbstractProcessorLight.java:71)
		at org.apache.coyote.AbstractProtocol$ConnectionHandler.process(AbstractProtocol.java:1307)
		at org.apache.tomcat.util.net.NioEndpoint$SocketProcessor.doRun(NioEndpoint.java:2197)
		at org.apache.tomcat.util.net.SocketProcessorBase.run(SocketProcessorBase.java:74)
		at org.apache.tomcat.util.threads.ThreadPoolExecutor.runWorker(ThreadPoolExecutor.java:976)
		at org.apache.tomcat.util.threads.ThreadPoolExecutor$Worker.run(ThreadPoolExecutor.java:494)
		at org.apache.tomcat.util.threads.TaskThread$WrappingRunnable.run(TaskThread.java:80)
		at java.base/java.lang.Thread.run(Thread.java:1516)
30-Sep-2026 15:31:26.848 SEVERE [http-nio-8080-exec-3] org.apache.catalina.core.StandardWrapperValve.invoke Servlet.service() for servlet [servlet.TestServlet] in context with path [/cookie-kitchen] threw exception [Database error] with root cause
	java.sql.SQLException: No suitable driver found for jdbc:mysql://localhost:3306/cookie_kitchen
		at java.sql/java.sql.DriverManager.getConnection(DriverManager.java:638)
		at java.sql/java.sql.DriverManager.getConnection(DriverManager.java:199)
		at util.DBConnection.getConnection(DBConnection.java:23)
		at dao.ProductDAO.getALLProducts(ProductDAO.java:9)
		at servlet.TestServlet.doGet(TestServlet.java:22)
		at jakarta.servlet.http.HttpServlet.service(HttpServlet.java:564)
		at jakarta.servlet.http.HttpServlet.service(HttpServlet.java:658)
		at org.apache.catalina.core.ApplicationFilterChain.internalDoFilter(ApplicationFilterChain.java:197)
		at org.apache.catalina.core.ApplicationFilterChain.doFilter(ApplicationFilterChain.java:142)
		at org.apache.tomcat.websocket.server.WsFilter.doFilter(WsFilter.java:57)
		at org.apache.catalina.core.ApplicationFilterChain.internalDoFilter(ApplicationFilterChain.java:166)
		at org.apache.catalina.core.ApplicationFilterChain.doFilter(ApplicationFilterChain.java:142)
		at org.apache.catalina.core.StandardWrapperValve.invoke(StandardWrapperValve.java:166)
		at org.apache.catalina.core.StandardContextValve.invoke(StandardContextValve.java:88)
		at org.apache.catalina.authenticator.AuthenticatorBase.invoke(AuthenticatorBase.java:540)
		at org.apache.catalina.core.StandardHostValve.invoke(StandardHostValve.java:115)
		at org.apache.catalina.valves.ErrorReportValve.invoke(ErrorReportValve.java:86)
		at org.apache.catalina.valves.AbstractAccessLogValve.invoke(AbstractAccessLogValve.java:782)
		at org.apache.catalina.core.StandardEngineValve.invoke(StandardEngineValve.java:71)
		at org.apache.catalina.connector.CoyoteAdapter.service(CoyoteAdapter.java:348)
		at org.apache.coyote.http11.Http11Processor.service(Http11Processor.java:410)
		at org.apache.coyote.AbstractProcessorLight.process(AbstractProcessorLight.java:71)
		at org.apache.coyote.AbstractProtocol$ConnectionHandler.process(AbstractProtocol.java:1307)
		at org.apache.tomcat.util.net.NioEndpoint$SocketProcessor.doRun(NioEndpoint.java:2197)
		at org.apache.tomcat.util.net.SocketProcessorBase.run(SocketProcessorBase.java:74)
		at org.apache.tomcat.util.threads.ThreadPoolExecutor.runWorker(ThreadPoolExecutor.java:976)
		at org.apache.tomcat.util.threads.ThreadPoolExecutor$Worker.run(ThreadPoolExecutor.java:494)
		at org.apache.tomcat.util.threads.TaskThread$WrappingRunnable.run(TaskThread.java:80)
		at java.base/java.lang.Thread.run(Thread.java:1516)
30-Sep-2026 15:38:05.690 SEVERE [http-nio-8080-exec-3] org.apache.catalina.core.ApplicationDispatcher.invoke Servlet.service() for servlet [jsp] threw exception
	org.apache.jasper.JasperException: Unable to get JAR resource [/jakarta.tags.core] containing TLD: [java.io.FileNotFoundException]
		at org.apache.jasper.compiler.DefaultErrorHandler.jspError(DefaultErrorHandler.java:35)
		at org.apache.jasper.compiler.ErrorDispatcher.dispatch(ErrorDispatcher.java:267)
		at org.apache.jasper.compiler.ErrorDispatcher.jspError(ErrorDispatcher.java:74)
		at org.apache.jasper.compiler.TagLibraryInfoImpl.generateTldResourcePath(TagLibraryInfoImpl.java:266)
		at org.apache.jasper.compiler.TagLibraryInfoImpl.<init>(TagLibraryInfoImpl.java:115)
		at org.apache.jasper.compiler.Parser.parseTaglibDirective(Parser.java:405)
		at org.apache.jasper.compiler.Parser.parseDirective(Parser.java:458)
		at org.apache.jasper.compiler.Parser.parseElements(Parser.java:1345)
		at org.apache.jasper.compiler.Parser.parse(Parser.java:127)
		at org.apache.jasper.compiler.ParserController.doParse(ParserController.java:250)
		at org.apache.jasper.compiler.ParserController.parse(ParserController.java:113)
		at org.apache.jasper.compiler.Compiler.generateJava(Compiler.java:229)
		at org.apache.jasper.compiler.Compiler.compile(Compiler.java:402)
		at org.apache.jasper.compiler.Compiler.compile(Compiler.java:380)
		at org.apache.jasper.compiler.Compiler.compile(Compiler.java:366)
		at org.apache.jasper.JspCompilationContext.compile(JspCompilationContext.java:736)
		at org.apache.jasper.servlet.JspServletWrapper.service(JspServletWrapper.java:441)
		at org.apache.jasper.servlet.JspServlet.serviceJspFile(JspServlet.java:359)
		at org.apache.jasper.servlet.JspServlet.service(JspServlet.java:310)
		at jakarta.servlet.http.HttpServlet.service(HttpServlet.java:658)
		at org.apache.catalina.core.ApplicationFilterChain.internalDoFilter(ApplicationFilterChain.java:197)
		at org.apache.catalina.core.ApplicationFilterChain.doFilter(ApplicationFilterChain.java:142)
		at org.apache.tomcat.websocket.server.WsFilter.doFilter(WsFilter.java:57)
		at org.apache.catalina.core.ApplicationFilterChain.internalDoFilter(ApplicationFilterChain.java:166)
		at org.apache.catalina.core.ApplicationFilterChain.doFilter(ApplicationFilterChain.java:142)
		at org.apache.catalina.core.ApplicationDispatcher.invoke(ApplicationDispatcher.java:609)
		at org.apache.catalina.core.ApplicationDispatcher.processRequest(ApplicationDispatcher.java:394)
		at org.apache.catalina.core.ApplicationDispatcher.doForward(ApplicationDispatcher.java:323)
		at org.apache.catalina.core.ApplicationDispatcher.forward(ApplicationDispatcher.java:268)
		at servlet.TestServlet.doGet(TestServlet.java:25)
		at jakarta.servlet.http.HttpServlet.service(HttpServlet.java:564)
		at jakarta.servlet.http.HttpServlet.service(HttpServlet.java:658)
		at org.apache.catalina.core.ApplicationFilterChain.internalDoFilter(ApplicationFilterChain.java:197)
		at org.apache.catalina.core.ApplicationFilterChain.doFilter(ApplicationFilterChain.java:142)
		at org.apache.tomcat.websocket.server.WsFilter.doFilter(WsFilter.java:57)
		at org.apache.catalina.core.ApplicationFilterChain.internalDoFilter(ApplicationFilterChain.java:166)
		at org.apache.catalina.core.ApplicationFilterChain.doFilter(ApplicationFilterChain.java:142)
		at org.apache.catalina.core.StandardWrapperValve.invoke(StandardWrapperValve.java:166)
		at org.apache.catalina.core.StandardContextValve.invoke(StandardContextValve.java:88)
		at org.apache.catalina.authenticator.AuthenticatorBase.invoke(AuthenticatorBase.java:540)
		at org.apache.catalina.core.StandardHostValve.invoke(StandardHostValve.java:115)
		at org.apache.catalina.valves.ErrorReportValve.invoke(ErrorReportValve.java:86)
		at org.apache.catalina.valves.AbstractAccessLogValve.invoke(AbstractAccessLogValve.java:782)
		at org.apache.catalina.core.StandardEngineValve.invoke(StandardEngineValve.java:71)
		at org.apache.catalina.connector.CoyoteAdapter.service(CoyoteAdapter.java:348)
		at org.apache.coyote.http11.Http11Processor.service(Http11Processor.java:410)
		at org.apache.coyote.AbstractProcessorLight.process(AbstractProcessorLight.java:71)
		at org.apache.coyote.AbstractProtocol$ConnectionHandler.process(AbstractProtocol.java:1307)
		at org.apache.tomcat.util.net.NioEndpoint$SocketProcessor.doRun(NioEndpoint.java:2197)
		at org.apache.tomcat.util.net.SocketProcessorBase.run(SocketProcessorBase.java:74)
		at org.apache.tomcat.util.threads.ThreadPoolExecutor.runWorker(ThreadPoolExecutor.java:976)
		at org.apache.tomcat.util.threads.ThreadPoolExecutor$Worker.run(ThreadPoolExecutor.java:494)
		at org.apache.tomcat.util.threads.TaskThread$WrappingRunnable.run(TaskThread.java:80)
		at java.base/java.lang.Thread.run(Thread.java:1516)
30-Sep-2026 15:38:05.691 SEVERE [http-nio-8080-exec-3] org.apache.catalina.core.StandardWrapperValve.invoke Servlet.service() for servlet [servlet.TestServlet] in context with path [/cookie-kitchen] threw exception [org.apache.jasper.JasperException: Unable to get JAR resource [/jakarta.tags.core] containing TLD: [java.io.FileNotFoundException]] with root cause
	org.apache.jasper.JasperException: Unable to get JAR resource [/jakarta.tags.core] containing TLD: [java.io.FileNotFoundException]
		at org.apache.jasper.compiler.DefaultErrorHandler.jspError(DefaultErrorHandler.java:35)
		at org.apache.jasper.compiler.ErrorDispatcher.dispatch(ErrorDispatcher.java:267)
		at org.apache.jasper.compiler.ErrorDispatcher.jspError(ErrorDispatcher.java:74)
		at org.apache.jasper.compiler.TagLibraryInfoImpl.generateTldResourcePath(TagLibraryInfoImpl.java:266)
		at org.apache.jasper.compiler.TagLibraryInfoImpl.<init>(TagLibraryInfoImpl.java:115)
		at org.apache.jasper.compiler.Parser.parseTaglibDirective(Parser.java:405)
		at org.apache.jasper.compiler.Parser.parseDirective(Parser.java:458)
		at org.apache.jasper.compiler.Parser.parseElements(Parser.java:1345)
		at org.apache.jasper.compiler.Parser.parse(Parser.java:127)
		at org.apache.jasper.compiler.ParserController.doParse(ParserController.java:250)
		at org.apache.jasper.compiler.ParserController.parse(ParserController.java:113)
		at org.apache.jasper.compiler.Compiler.generateJava(Compiler.java:229)
		at org.apache.jasper.compiler.Compiler.compile(Compiler.java:402)
		at org.apache.jasper.compiler.Compiler.compile(Compiler.java:380)
		at org.apache.jasper.compiler.Compiler.compile(Compiler.java:366)
		at org.apache.jasper.JspCompilationContext.compile(JspCompilationContext.java:736)
		at org.apache.jasper.servlet.JspServletWrapper.service(JspServletWrapper.java:441)
		at org.apache.jasper.servlet.JspServlet.serviceJspFile(JspServlet.java:359)
		at org.apache.jasper.servlet.JspServlet.service(JspServlet.java:310)
		at jakarta.servlet.http.HttpServlet.service(HttpServlet.java:658)
		at org.apache.catalina.core.ApplicationFilterChain.internalDoFilter(ApplicationFilterChain.java:197)
		at org.apache.catalina.core.ApplicationFilterChain.doFilter(ApplicationFilterChain.java:142)
		at org.apache.tomcat.websocket.server.WsFilter.doFilter(WsFilter.java:57)
		at org.apache.catalina.core.ApplicationFilterChain.internalDoFilter(ApplicationFilterChain.java:166)
		at org.apache.catalina.core.ApplicationFilterChain.doFilter(ApplicationFilterChain.java:142)
		at org.apache.catalina.core.ApplicationDispatcher.invoke(ApplicationDispatcher.java:609)
		at org.apache.catalina.core.ApplicationDispatcher.processRequest(ApplicationDispatcher.java:394)
		at org.apache.catalina.core.ApplicationDispatcher.doForward(ApplicationDispatcher.java:323)
		at org.apache.catalina.core.ApplicationDispatcher.forward(ApplicationDispatcher.java:268)
		at servlet.TestServlet.doGet(TestServlet.java:25)
		at jakarta.servlet.http.HttpServlet.service(HttpServlet.java:564)
		at jakarta.servlet.http.HttpServlet.service(HttpServlet.java:658)
		at org.apache.catalina.core.ApplicationFilterChain.internalDoFilter(ApplicationFilterChain.java:197)
		at org.apache.catalina.core.ApplicationFilterChain.doFilter(ApplicationFilterChain.java:142)
		at org.apache.tomcat.websocket.server.WsFilter.doFilter(WsFilter.java:57)
		at org.apache.catalina.core.ApplicationFilterChain.internalDoFilter(ApplicationFilterChain.java:166)
		at org.apache.catalina.core.ApplicationFilterChain.doFilter(ApplicationFilterChain.java:142)
		at org.apache.catalina.core.StandardWrapperValve.invoke(StandardWrapperValve.java:166)
		at org.apache.catalina.core.StandardContextValve.invoke(StandardContextValve.java:88)
		at org.apache.catalina.authenticator.AuthenticatorBase.invoke(AuthenticatorBase.java:540)
		at org.apache.catalina.core.StandardHostValve.invoke(StandardHostValve.java:115)
		at org.apache.catalina.valves.ErrorReportValve.invoke(ErrorReportValve.java:86)
		at org.apache.catalina.valves.AbstractAccessLogValve.invoke(AbstractAccessLogValve.java:782)
		at org.apache.catalina.core.StandardEngineValve.invoke(StandardEngineValve.java:71)
		at org.apache.catalina.connector.CoyoteAdapter.service(CoyoteAdapter.java:348)
		at org.apache.coyote.http11.Http11Processor.service(Http11Processor.java:410)
		at org.apache.coyote.AbstractProcessorLight.process(AbstractProcessorLight.java:71)
		at org.apache.coyote.AbstractProtocol$ConnectionHandler.process(AbstractProtocol.java:1307)
		at org.apache.tomcat.util.net.NioEndpoint$SocketProcessor.doRun(NioEndpoint.java:2197)
		at org.apache.tomcat.util.net.SocketProcessorBase.run(SocketProcessorBase.java:74)
		at org.apache.tomcat.util.threads.ThreadPoolExecutor.runWorker(ThreadPoolExecutor.java:976)
		at org.apache.tomcat.util.threads.ThreadPoolExecutor$Worker.run(ThreadPoolExecutor.java:494)
		at org.apache.tomcat.util.threads.TaskThread$WrappingRunnable.run(TaskThread.java:80)
		at java.base/java.lang.Thread.run(Thread.java:1516)
30-Sep-2026 15:40:53.761 SEVERE [http-nio-8080-exec-3] org.apache.catalina.core.ApplicationDispatcher.invoke Servlet.service() for servlet [jsp] threw exception
	org.apache.jasper.JasperException: Unable to get JAR resource [/jakarta.tags.core] containing TLD: [java.io.FileNotFoundException]
		at org.apache.jasper.compiler.DefaultErrorHandler.jspError(DefaultErrorHandler.java:35)
		at org.apache.jasper.compiler.ErrorDispatcher.dispatch(ErrorDispatcher.java:267)
		at org.apache.jasper.compiler.ErrorDispatcher.jspError(ErrorDispatcher.java:74)
		at org.apache.jasper.compiler.TagLibraryInfoImpl.generateTldResourcePath(TagLibraryInfoImpl.java:266)
		at org.apache.jasper.compiler.TagLibraryInfoImpl.<init>(TagLibraryInfoImpl.java:115)
		at org.apache.jasper.compiler.Parser.parseTaglibDirective(Parser.java:405)
		at org.apache.jasper.compiler.Parser.parseDirective(Parser.java:458)
		at org.apache.jasper.compiler.Parser.parseElements(Parser.java:1345)
		at org.apache.jasper.compiler.Parser.parse(Parser.java:127)
		at org.apache.jasper.compiler.ParserController.doParse(ParserController.java:250)
		at org.apache.jasper.compiler.ParserController.parse(ParserController.java:113)
		at org.apache.jasper.compiler.Compiler.generateJava(Compiler.java:229)
		at org.apache.jasper.compiler.Compiler.compile(Compiler.java:402)
		at org.apache.jasper.compiler.Compiler.compile(Compiler.java:380)
		at org.apache.jasper.compiler.Compiler.compile(Compiler.java:366)
		at org.apache.jasper.JspCompilationContext.compile(JspCompilationContext.java:736)
		at org.apache.jasper.servlet.JspServletWrapper.service(JspServletWrapper.java:441)
		at org.apache.jasper.servlet.JspServlet.serviceJspFile(JspServlet.java:359)
		at org.apache.jasper.servlet.JspServlet.service(JspServlet.java:310)
		at jakarta.servlet.http.HttpServlet.service(HttpServlet.java:658)
		at org.apache.catalina.core.ApplicationFilterChain.internalDoFilter(ApplicationFilterChain.java:197)
		at org.apache.catalina.core.ApplicationFilterChain.doFilter(ApplicationFilterChain.java:142)
		at org.apache.tomcat.websocket.server.WsFilter.doFilter(WsFilter.java:57)
		at org.apache.catalina.core.ApplicationFilterChain.internalDoFilter(ApplicationFilterChain.java:166)
		at org.apache.catalina.core.ApplicationFilterChain.doFilter(ApplicationFilterChain.java:142)
		at org.apache.catalina.core.ApplicationDispatcher.invoke(ApplicationDispatcher.java:609)
		at org.apache.catalina.core.ApplicationDispatcher.processRequest(ApplicationDispatcher.java:394)
		at org.apache.catalina.core.ApplicationDispatcher.doForward(ApplicationDispatcher.java:323)
		at org.apache.catalina.core.ApplicationDispatcher.forward(ApplicationDispatcher.java:268)
		at servlet.TestServlet.doGet(TestServlet.java:25)
		at jakarta.servlet.http.HttpServlet.service(HttpServlet.java:564)
		at jakarta.servlet.http.HttpServlet.service(HttpServlet.java:658)
		at org.apache.catalina.core.ApplicationFilterChain.internalDoFilter(ApplicationFilterChain.java:197)
		at org.apache.catalina.core.ApplicationFilterChain.doFilter(ApplicationFilterChain.java:142)
		at org.apache.tomcat.websocket.server.WsFilter.doFilter(WsFilter.java:57)
		at org.apache.catalina.core.ApplicationFilterChain.internalDoFilter(ApplicationFilterChain.java:166)
		at org.apache.catalina.core.ApplicationFilterChain.doFilter(ApplicationFilterChain.java:142)
		at org.apache.catalina.core.StandardWrapperValve.invoke(StandardWrapperValve.java:166)
		at org.apache.catalina.core.StandardContextValve.invoke(StandardContextValve.java:88)
		at org.apache.catalina.authenticator.AuthenticatorBase.invoke(AuthenticatorBase.java:540)
		at org.apache.catalina.core.StandardHostValve.invoke(StandardHostValve.java:115)
		at org.apache.catalina.valves.ErrorReportValve.invoke(ErrorReportValve.java:86)
		at org.apache.catalina.valves.AbstractAccessLogValve.invoke(AbstractAccessLogValve.java:782)
		at org.apache.catalina.core.StandardEngineValve.invoke(StandardEngineValve.java:71)
		at org.apache.catalina.connector.CoyoteAdapter.service(CoyoteAdapter.java:348)
		at org.apache.coyote.http11.Http11Processor.service(Http11Processor.java:410)
		at org.apache.coyote.AbstractProcessorLight.process(AbstractProcessorLight.java:71)
		at org.apache.coyote.AbstractProtocol$ConnectionHandler.process(AbstractProtocol.java:1307)
		at org.apache.tomcat.util.net.NioEndpoint$SocketProcessor.doRun(NioEndpoint.java:2197)
		at org.apache.tomcat.util.net.SocketProcessorBase.run(SocketProcessorBase.java:74)
		at org.apache.tomcat.util.threads.ThreadPoolExecutor.runWorker(ThreadPoolExecutor.java:976)
		at org.apache.tomcat.util.threads.ThreadPoolExecutor$Worker.run(ThreadPoolExecutor.java:494)
		at org.apache.tomcat.util.threads.TaskThread$WrappingRunnable.run(TaskThread.java:80)
		at java.base/java.lang.Thread.run(Thread.java:1516)
30-Sep-2026 15:40:53.761 SEVERE [http-nio-8080-exec-3] org.apache.catalina.core.StandardWrapperValve.invoke Servlet.service() for servlet [servlet.TestServlet] in context with path [/cookie-kitchen] threw exception [org.apache.jasper.JasperException: Unable to get JAR resource [/jakarta.tags.core] containing TLD: [java.io.FileNotFoundException]] with root cause
	org.apache.jasper.JasperException: Unable to get JAR resource [/jakarta.tags.core] containing TLD: [java.io.FileNotFoundException]
		at org.apache.jasper.compiler.DefaultErrorHandler.jspError(DefaultErrorHandler.java:35)
		at org.apache.jasper.compiler.ErrorDispatcher.dispatch(ErrorDispatcher.java:267)
		at org.apache.jasper.compiler.ErrorDispatcher.jspError(ErrorDispatcher.java:74)
		at org.apache.jasper.compiler.TagLibraryInfoImpl.generateTldResourcePath(TagLibraryInfoImpl.java:266)
		at org.apache.jasper.compiler.TagLibraryInfoImpl.<init>(TagLibraryInfoImpl.java:115)
		at org.apache.jasper.compiler.Parser.parseTaglibDirective(Parser.java:405)
		at org.apache.jasper.compiler.Parser.parseDirective(Parser.java:458)
		at org.apache.jasper.compiler.Parser.parseElements(Parser.java:1345)
		at org.apache.jasper.compiler.Parser.parse(Parser.java:127)
		at org.apache.jasper.compiler.ParserController.doParse(ParserController.java:250)
		at org.apache.jasper.compiler.ParserController.parse(ParserController.java:113)
		at org.apache.jasper.compiler.Compiler.generateJava(Compiler.java:229)
		at org.apache.jasper.compiler.Compiler.compile(Compiler.java:402)
		at org.apache.jasper.compiler.Compiler.compile(Compiler.java:380)
		at org.apache.jasper.compiler.Compiler.compile(Compiler.java:366)
		at org.apache.jasper.JspCompilationContext.compile(JspCompilationContext.java:736)
		at org.apache.jasper.servlet.JspServletWrapper.service(JspServletWrapper.java:441)
		at org.apache.jasper.servlet.JspServlet.serviceJspFile(JspServlet.java:359)
		at org.apache.jasper.servlet.JspServlet.service(JspServlet.java:310)
		at jakarta.servlet.http.HttpServlet.service(HttpServlet.java:658)
		at org.apache.catalina.core.ApplicationFilterChain.internalDoFilter(ApplicationFilterChain.java:197)
		at org.apache.catalina.core.ApplicationFilterChain.doFilter(ApplicationFilterChain.java:142)
		at org.apache.tomcat.websocket.server.WsFilter.doFilter(WsFilter.java:57)
		at org.apache.catalina.core.ApplicationFilterChain.internalDoFilter(ApplicationFilterChain.java:166)
		at org.apache.catalina.core.ApplicationFilterChain.doFilter(ApplicationFilterChain.java:142)
		at org.apache.catalina.core.ApplicationDispatcher.invoke(ApplicationDispatcher.java:609)
		at org.apache.catalina.core.ApplicationDispatcher.processRequest(ApplicationDispatcher.java:394)
		at org.apache.catalina.core.ApplicationDispatcher.doForward(ApplicationDispatcher.java:323)
		at org.apache.catalina.core.ApplicationDispatcher.forward(ApplicationDispatcher.java:268)
		at servlet.TestServlet.doGet(TestServlet.java:25)
		at jakarta.servlet.http.HttpServlet.service(HttpServlet.java:564)
		at jakarta.servlet.http.HttpServlet.service(HttpServlet.java:658)
		at org.apache.catalina.core.ApplicationFilterChain.internalDoFilter(ApplicationFilterChain.java:197)
		at org.apache.catalina.core.ApplicationFilterChain.doFilter(ApplicationFilterChain.java:142)
		at org.apache.tomcat.websocket.server.WsFilter.doFilter(WsFilter.java:57)
		at org.apache.catalina.core.ApplicationFilterChain.internalDoFilter(ApplicationFilterChain.java:166)
		at org.apache.catalina.core.ApplicationFilterChain.doFilter(ApplicationFilterChain.java:142)
		at org.apache.catalina.core.StandardWrapperValve.invoke(StandardWrapperValve.java:166)
		at org.apache.catalina.core.StandardContextValve.invoke(StandardContextValve.java:88)
		at org.apache.catalina.authenticator.AuthenticatorBase.invoke(AuthenticatorBase.java:540)
		at org.apache.catalina.core.StandardHostValve.invoke(StandardHostValve.java:115)
		at org.apache.catalina.valves.ErrorReportValve.invoke(ErrorReportValve.java:86)
		at org.apache.catalina.valves.AbstractAccessLogValve.invoke(AbstractAccessLogValve.java:782)
		at org.apache.catalina.core.StandardEngineValve.invoke(StandardEngineValve.java:71)
		at org.apache.catalina.connector.CoyoteAdapter.service(CoyoteAdapter.java:348)
		at org.apache.coyote.http11.Http11Processor.service(Http11Processor.java:410)
		at org.apache.coyote.AbstractProcessorLight.process(AbstractProcessorLight.java:71)
		at org.apache.coyote.AbstractProtocol$ConnectionHandler.process(AbstractProtocol.java:1307)
		at org.apache.tomcat.util.net.NioEndpoint$SocketProcessor.doRun(NioEndpoint.java:2197)
		at org.apache.tomcat.util.net.SocketProcessorBase.run(SocketProcessorBase.java:74)
		at org.apache.tomcat.util.threads.ThreadPoolExecutor.runWorker(ThreadPoolExecutor.java:976)
		at org.apache.tomcat.util.threads.ThreadPoolExecutor$Worker.run(ThreadPoolExecutor.java:494)
		at org.apache.tomcat.util.threads.TaskThread$WrappingRunnable.run(TaskThread.java:80)
		at java.base/java.lang.Thread.run(Thread.java:1516)
30-Sep-2026 15:51:47.236 SEVERE [http-nio-8080-exec-2] org.apache.catalina.core.ApplicationDispatcher.invoke Servlet.service() for servlet [jsp] threw exception
	org.apache.jasper.JasperException: Unable to get JAR resource [/jakarta.tags.core] containing TLD: [java.io.FileNotFoundException]
		at org.apache.jasper.compiler.DefaultErrorHandler.jspError(DefaultErrorHandler.java:35)
		at org.apache.jasper.compiler.ErrorDispatcher.dispatch(ErrorDispatcher.java:267)
		at org.apache.jasper.compiler.ErrorDispatcher.jspError(ErrorDispatcher.java:74)
		at org.apache.jasper.compiler.TagLibraryInfoImpl.generateTldResourcePath(TagLibraryInfoImpl.java:266)
		at org.apache.jasper.compiler.TagLibraryInfoImpl.<init>(TagLibraryInfoImpl.java:115)
		at org.apache.jasper.compiler.Parser.parseTaglibDirective(Parser.java:405)
		at org.apache.jasper.compiler.Parser.parseDirective(Parser.java:458)
		at org.apache.jasper.compiler.Parser.parseElements(Parser.java:1345)
		at org.apache.jasper.compiler.Parser.parse(Parser.java:127)
		at org.apache.jasper.compiler.ParserController.doParse(ParserController.java:250)
		at org.apache.jasper.compiler.ParserController.parse(ParserController.java:113)
		at org.apache.jasper.compiler.Compiler.generateJava(Compiler.java:229)
		at org.apache.jasper.compiler.Compiler.compile(Compiler.java:402)
		at org.apache.jasper.compiler.Compiler.compile(Compiler.java:380)
		at org.apache.jasper.compiler.Compiler.compile(Compiler.java:366)
		at org.apache.jasper.JspCompilationContext.compile(JspCompilationContext.java:736)
		at org.apache.jasper.servlet.JspServletWrapper.service(JspServletWrapper.java:441)
		at org.apache.jasper.servlet.JspServlet.serviceJspFile(JspServlet.java:359)
		at org.apache.jasper.servlet.JspServlet.service(JspServlet.java:310)
		at jakarta.servlet.http.HttpServlet.service(HttpServlet.java:658)
		at org.apache.catalina.core.ApplicationFilterChain.internalDoFilter(ApplicationFilterChain.java:197)
		at org.apache.catalina.core.ApplicationFilterChain.doFilter(ApplicationFilterChain.java:142)
		at org.apache.tomcat.websocket.server.WsFilter.doFilter(WsFilter.java:57)
		at org.apache.catalina.core.ApplicationFilterChain.internalDoFilter(ApplicationFilterChain.java:166)
		at org.apache.catalina.core.ApplicationFilterChain.doFilter(ApplicationFilterChain.java:142)
		at org.apache.catalina.core.ApplicationDispatcher.invoke(ApplicationDispatcher.java:609)
		at org.apache.catalina.core.ApplicationDispatcher.processRequest(ApplicationDispatcher.java:394)
		at org.apache.catalina.core.ApplicationDispatcher.doForward(ApplicationDispatcher.java:323)
		at org.apache.catalina.core.ApplicationDispatcher.forward(ApplicationDispatcher.java:268)
		at servlet.TestServlet.doGet(TestServlet.java:25)
		at jakarta.servlet.http.HttpServlet.service(HttpServlet.java:564)
		at jakarta.servlet.http.HttpServlet.service(HttpServlet.java:658)
		at org.apache.catalina.core.ApplicationFilterChain.internalDoFilter(ApplicationFilterChain.java:197)
		at org.apache.catalina.core.ApplicationFilterChain.doFilter(ApplicationFilterChain.java:142)
		at org.apache.tomcat.websocket.server.WsFilter.doFilter(WsFilter.java:57)
		at org.apache.catalina.core.ApplicationFilterChain.internalDoFilter(ApplicationFilterChain.java:166)
		at org.apache.catalina.core.ApplicationFilterChain.doFilter(ApplicationFilterChain.java:142)
		at org.apache.catalina.core.StandardWrapperValve.invoke(StandardWrapperValve.java:166)
		at org.apache.catalina.core.StandardContextValve.invoke(StandardContextValve.java:88)
		at org.apache.catalina.authenticator.AuthenticatorBase.invoke(AuthenticatorBase.java:540)
		at org.apache.catalina.core.StandardHostValve.invoke(StandardHostValve.java:115)
		at org.apache.catalina.valves.ErrorReportValve.invoke(ErrorReportValve.java:86)
		at org.apache.catalina.valves.AbstractAccessLogValve.invoke(AbstractAccessLogValve.java:782)
		at org.apache.catalina.core.StandardEngineValve.invoke(StandardEngineValve.java:71)
		at org.apache.catalina.connector.CoyoteAdapter.service(CoyoteAdapter.java:348)
		at org.apache.coyote.http11.Http11Processor.service(Http11Processor.java:410)
		at org.apache.coyote.AbstractProcessorLight.process(AbstractProcessorLight.java:71)
		at org.apache.coyote.AbstractProtocol$ConnectionHandler.process(AbstractProtocol.java:1307)
		at org.apache.tomcat.util.net.NioEndpoint$SocketProcessor.doRun(NioEndpoint.java:2197)
		at org.apache.tomcat.util.net.SocketProcessorBase.run(SocketProcessorBase.java:74)
		at org.apache.tomcat.util.threads.ThreadPoolExecutor.runWorker(ThreadPoolExecutor.java:976)
		at org.apache.tomcat.util.threads.ThreadPoolExecutor$Worker.run(ThreadPoolExecutor.java:494)
		at org.apache.tomcat.util.threads.TaskThread$WrappingRunnable.run(TaskThread.java:80)
		at java.base/java.lang.Thread.run(Thread.java:1516)
30-Sep-2026 15:51:47.237 SEVERE [http-nio-8080-exec-2] org.apache.catalina.core.StandardWrapperValve.invoke Servlet.service() for servlet [servlet.TestServlet] in context with path [/cookie-kitchen] threw exception [org.apache.jasper.JasperException: Unable to get JAR resource [/jakarta.tags.core] containing TLD: [java.io.FileNotFoundException]] with root cause
	org.apache.jasper.JasperException: Unable to get JAR resource [/jakarta.tags.core] containing TLD: [java.io.FileNotFoundException]
		at org.apache.jasper.compiler.DefaultErrorHandler.jspError(DefaultErrorHandler.java:35)
		at org.apache.jasper.compiler.ErrorDispatcher.dispatch(ErrorDispatcher.java:267)
		at org.apache.jasper.compiler.ErrorDispatcher.jspError(ErrorDispatcher.java:74)
		at org.apache.jasper.compiler.TagLibraryInfoImpl.generateTldResourcePath(TagLibraryInfoImpl.java:266)
		at org.apache.jasper.compiler.TagLibraryInfoImpl.<init>(TagLibraryInfoImpl.java:115)
		at org.apache.jasper.compiler.Parser.parseTaglibDirective(Parser.java:405)
		at org.apache.jasper.compiler.Parser.parseDirective(Parser.java:458)
		at org.apache.jasper.compiler.Parser.parseElements(Parser.java:1345)
		at org.apache.jasper.compiler.Parser.parse(Parser.java:127)
		at org.apache.jasper.compiler.ParserController.doParse(ParserController.java:250)
		at org.apache.jasper.compiler.ParserController.parse(ParserController.java:113)
		at org.apache.jasper.compiler.Compiler.generateJava(Compiler.java:229)
		at org.apache.jasper.compiler.Compiler.compile(Compiler.java:402)
		at org.apache.jasper.compiler.Compiler.compile(Compiler.java:380)
		at org.apache.jasper.compiler.Compiler.compile(Compiler.java:366)
		at org.apache.jasper.JspCompilationContext.compile(JspCompilationContext.java:736)
		at org.apache.jasper.servlet.JspServletWrapper.service(JspServletWrapper.java:441)
		at org.apache.jasper.servlet.JspServlet.serviceJspFile(JspServlet.java:359)
		at org.apache.jasper.servlet.JspServlet.service(JspServlet.java:310)
		at jakarta.servlet.http.HttpServlet.service(HttpServlet.java:658)
		at org.apache.catalina.core.ApplicationFilterChain.internalDoFilter(ApplicationFilterChain.java:197)
		at org.apache.catalina.core.ApplicationFilterChain.doFilter(ApplicationFilterChain.java:142)
		at org.apache.tomcat.websocket.server.WsFilter.doFilter(WsFilter.java:57)
		at org.apache.catalina.core.ApplicationFilterChain.internalDoFilter(ApplicationFilterChain.java:166)
		at org.apache.catalina.core.ApplicationFilterChain.doFilter(ApplicationFilterChain.java:142)
		at org.apache.catalina.core.ApplicationDispatcher.invoke(ApplicationDispatcher.java:609)
		at org.apache.catalina.core.ApplicationDispatcher.processRequest(ApplicationDispatcher.java:394)
		at org.apache.catalina.core.ApplicationDispatcher.doForward(ApplicationDispatcher.java:323)
		at org.apache.catalina.core.ApplicationDispatcher.forward(ApplicationDispatcher.java:268)
		at servlet.TestServlet.doGet(TestServlet.java:25)
		at jakarta.servlet.http.HttpServlet.service(HttpServlet.java:564)
		at jakarta.servlet.http.HttpServlet.service(HttpServlet.java:658)
		at org.apache.catalina.core.ApplicationFilterChain.internalDoFilter(ApplicationFilterChain.java:197)
		at org.apache.catalina.core.ApplicationFilterChain.doFilter(ApplicationFilterChain.java:142)
		at org.apache.tomcat.websocket.server.WsFilter.doFilter(WsFilter.java:57)
		at org.apache.catalina.core.ApplicationFilterChain.internalDoFilter(ApplicationFilterChain.java:166)
		at org.apache.catalina.core.ApplicationFilterChain.doFilter(ApplicationFilterChain.java:142)
		at org.apache.catalina.core.StandardWrapperValve.invoke(StandardWrapperValve.java:166)
		at org.apache.catalina.core.StandardContextValve.invoke(StandardContextValve.java:88)
		at org.apache.catalina.authenticator.AuthenticatorBase.invoke(AuthenticatorBase.java:540)
		at org.apache.catalina.core.StandardHostValve.invoke(StandardHostValve.java:115)
		at org.apache.catalina.valves.ErrorReportValve.invoke(ErrorReportValve.java:86)
		at org.apache.catalina.valves.AbstractAccessLogValve.invoke(AbstractAccessLogValve.java:782)
		at org.apache.catalina.core.StandardEngineValve.invoke(StandardEngineValve.java:71)
		at org.apache.catalina.connector.CoyoteAdapter.service(CoyoteAdapter.java:348)
		at org.apache.coyote.http11.Http11Processor.service(Http11Processor.java:410)
		at org.apache.coyote.AbstractProcessorLight.process(AbstractProcessorLight.java:71)
		at org.apache.coyote.AbstractProtocol$ConnectionHandler.process(AbstractProtocol.java:1307)
		at org.apache.tomcat.util.net.NioEndpoint$SocketProcessor.doRun(NioEndpoint.java:2197)
		at org.apache.tomcat.util.net.SocketProcessorBase.run(SocketProcessorBase.java:74)
		at org.apache.tomcat.util.threads.ThreadPoolExecutor.runWorker(ThreadPoolExecutor.java:976)
		at org.apache.tomcat.util.threads.ThreadPoolExecutor$Worker.run(ThreadPoolExecutor.java:494)
		at org.apache.tomcat.util.threads.TaskThread$WrappingRunnable.run(TaskThread.java:80)
		at java.base/java.lang.Thread.run(Thread.java:1516)
30-Sep-2026 16:01:58.664 SEVERE [http-nio-8080-exec-3] org.apache.catalina.core.ApplicationDispatcher.invoke Servlet.service() for servlet [jsp] threw exception
	org.apache.jasper.JasperException: Unable to get JAR resource [/jakarta.tags.core] containing TLD: [java.io.FileNotFoundException]
		at org.apache.jasper.compiler.DefaultErrorHandler.jspError(DefaultErrorHandler.java:35)
		at org.apache.jasper.compiler.ErrorDispatcher.dispatch(ErrorDispatcher.java:267)
		at org.apache.jasper.compiler.ErrorDispatcher.jspError(ErrorDispatcher.java:74)
		at org.apache.jasper.compiler.TagLibraryInfoImpl.generateTldResourcePath(TagLibraryInfoImpl.java:266)
		at org.apache.jasper.compiler.TagLibraryInfoImpl.<init>(TagLibraryInfoImpl.java:115)
		at org.apache.jasper.compiler.Parser.parseTaglibDirective(Parser.java:405)
		at org.apache.jasper.compiler.Parser.parseDirective(Parser.java:458)
		at org.apache.jasper.compiler.Parser.parseElements(Parser.java:1345)
		at org.apache.jasper.compiler.Parser.parse(Parser.java:127)
		at org.apache.jasper.compiler.ParserController.doParse(ParserController.java:250)
		at org.apache.jasper.compiler.ParserController.parse(ParserController.java:113)
		at org.apache.jasper.compiler.Compiler.generateJava(Compiler.java:229)
		at org.apache.jasper.compiler.Compiler.compile(Compiler.java:402)
		at org.apache.jasper.compiler.Compiler.compile(Compiler.java:380)
		at org.apache.jasper.compiler.Compiler.compile(Compiler.java:366)
		at org.apache.jasper.JspCompilationContext.compile(JspCompilationContext.java:736)
		at org.apache.jasper.servlet.JspServletWrapper.service(JspServletWrapper.java:441)
		at org.apache.jasper.servlet.JspServlet.serviceJspFile(JspServlet.java:359)
		at org.apache.jasper.servlet.JspServlet.service(JspServlet.java:310)
		at jakarta.servlet.http.HttpServlet.service(HttpServlet.java:658)
		at org.apache.catalina.core.ApplicationFilterChain.internalDoFilter(ApplicationFilterChain.java:197)
		at org.apache.catalina.core.ApplicationFilterChain.doFilter(ApplicationFilterChain.java:142)
		at org.apache.tomcat.websocket.server.WsFilter.doFilter(WsFilter.java:57)
		at org.apache.catalina.core.ApplicationFilterChain.internalDoFilter(ApplicationFilterChain.java:166)
		at org.apache.catalina.core.ApplicationFilterChain.doFilter(ApplicationFilterChain.java:142)
		at org.apache.catalina.core.ApplicationDispatcher.invoke(ApplicationDispatcher.java:609)
		at org.apache.catalina.core.ApplicationDispatcher.processRequest(ApplicationDispatcher.java:394)
		at org.apache.catalina.core.ApplicationDispatcher.doForward(ApplicationDispatcher.java:323)
		at org.apache.catalina.core.ApplicationDispatcher.forward(ApplicationDispatcher.java:268)
		at servlet.TestServlet.doGet(TestServlet.java:25)
		at jakarta.servlet.http.HttpServlet.service(HttpServlet.java:564)
		at jakarta.servlet.http.HttpServlet.service(HttpServlet.java:658)
		at org.apache.catalina.core.ApplicationFilterChain.internalDoFilter(ApplicationFilterChain.java:197)
		at org.apache.catalina.core.ApplicationFilterChain.doFilter(ApplicationFilterChain.java:142)
		at org.apache.tomcat.websocket.server.WsFilter.doFilter(WsFilter.java:57)
		at org.apache.catalina.core.ApplicationFilterChain.internalDoFilter(ApplicationFilterChain.java:166)
		at org.apache.catalina.core.ApplicationFilterChain.doFilter(ApplicationFilterChain.java:142)
		at org.apache.catalina.core.StandardWrapperValve.invoke(StandardWrapperValve.java:166)
		at org.apache.catalina.core.StandardContextValve.invoke(StandardContextValve.java:88)
		at org.apache.catalina.authenticator.AuthenticatorBase.invoke(AuthenticatorBase.java:540)
		at org.apache.catalina.core.StandardHostValve.invoke(StandardHostValve.java:115)
		at org.apache.catalina.valves.ErrorReportValve.invoke(ErrorReportValve.java:86)
		at org.apache.catalina.valves.AbstractAccessLogValve.invoke(AbstractAccessLogValve.java:782)
		at org.apache.catalina.core.StandardEngineValve.invoke(StandardEngineValve.java:71)
		at org.apache.catalina.connector.CoyoteAdapter.service(CoyoteAdapter.java:348)
		at org.apache.coyote.http11.Http11Processor.service(Http11Processor.java:410)
		at org.apache.coyote.AbstractProcessorLight.process(AbstractProcessorLight.java:71)
		at org.apache.coyote.AbstractProtocol$ConnectionHandler.process(AbstractProtocol.java:1307)
		at org.apache.tomcat.util.net.NioEndpoint$SocketProcessor.doRun(NioEndpoint.java:2197)
		at org.apache.tomcat.util.net.SocketProcessorBase.run(SocketProcessorBase.java:74)
		at org.apache.tomcat.util.threads.ThreadPoolExecutor.runWorker(ThreadPoolExecutor.java:976)
		at org.apache.tomcat.util.threads.ThreadPoolExecutor$Worker.run(ThreadPoolExecutor.java:494)
		at org.apache.tomcat.util.threads.TaskThread$WrappingRunnable.run(TaskThread.java:80)
		at java.base/java.lang.Thread.run(Thread.java:1516)
30-Sep-2026 16:01:58.664 SEVERE [http-nio-8080-exec-3] org.apache.catalina.core.StandardWrapperValve.invoke Servlet.service() for servlet [servlet.TestServlet] in context with path [/cookie-kitchen] threw exception [org.apache.jasper.JasperException: Unable to get JAR resource [/jakarta.tags.core] containing TLD: [java.io.FileNotFoundException]] with root cause
	org.apache.jasper.JasperException: Unable to get JAR resource [/jakarta.tags.core] containing TLD: [java.io.FileNotFoundException]
		at org.apache.jasper.compiler.DefaultErrorHandler.jspError(DefaultErrorHandler.java:35)
		at org.apache.jasper.compiler.ErrorDispatcher.dispatch(ErrorDispatcher.java:267)
		at org.apache.jasper.compiler.ErrorDispatcher.jspError(ErrorDispatcher.java:74)
		at org.apache.jasper.compiler.TagLibraryInfoImpl.generateTldResourcePath(TagLibraryInfoImpl.java:266)
		at org.apache.jasper.compiler.TagLibraryInfoImpl.<init>(TagLibraryInfoImpl.java:115)
		at org.apache.jasper.compiler.Parser.parseTaglibDirective(Parser.java:405)
		at org.apache.jasper.compiler.Parser.parseDirective(Parser.java:458)
		at org.apache.jasper.compiler.Parser.parseElements(Parser.java:1345)
		at org.apache.jasper.compiler.Parser.parse(Parser.java:127)
		at org.apache.jasper.compiler.ParserController.doParse(ParserController.java:250)
		at org.apache.jasper.compiler.ParserController.parse(ParserController.java:113)
		at org.apache.jasper.compiler.Compiler.generateJava(Compiler.java:229)
		at org.apache.jasper.compiler.Compiler.compile(Compiler.java:402)
		at org.apache.jasper.compiler.Compiler.compile(Compiler.java:380)
		at org.apache.jasper.compiler.Compiler.compile(Compiler.java:366)
		at org.apache.jasper.JspCompilationContext.compile(JspCompilationContext.java:736)
		at org.apache.jasper.servlet.JspServletWrapper.service(JspServletWrapper.java:441)
		at org.apache.jasper.servlet.JspServlet.serviceJspFile(JspServlet.java:359)
		at org.apache.jasper.servlet.JspServlet.service(JspServlet.java:310)
		at jakarta.servlet.http.HttpServlet.service(HttpServlet.java:658)
		at org.apache.catalina.core.ApplicationFilterChain.internalDoFilter(ApplicationFilterChain.java:197)
		at org.apache.catalina.core.ApplicationFilterChain.doFilter(ApplicationFilterChain.java:142)
		at org.apache.tomcat.websocket.server.WsFilter.doFilter(WsFilter.java:57)
		at org.apache.catalina.core.ApplicationFilterChain.internalDoFilter(ApplicationFilterChain.java:166)
		at org.apache.catalina.core.ApplicationFilterChain.doFilter(ApplicationFilterChain.java:142)
		at org.apache.catalina.core.ApplicationDispatcher.invoke(ApplicationDispatcher.java:609)
		at org.apache.catalina.core.ApplicationDispatcher.processRequest(ApplicationDispatcher.java:394)
		at org.apache.catalina.core.ApplicationDispatcher.doForward(ApplicationDispatcher.java:323)
		at org.apache.catalina.core.ApplicationDispatcher.forward(ApplicationDispatcher.java:268)
		at servlet.TestServlet.doGet(TestServlet.java:25)
		at jakarta.servlet.http.HttpServlet.service(HttpServlet.java:564)
		at jakarta.servlet.http.HttpServlet.service(HttpServlet.java:658)
		at org.apache.catalina.core.ApplicationFilterChain.internalDoFilter(ApplicationFilterChain.java:197)
		at org.apache.catalina.core.ApplicationFilterChain.doFilter(ApplicationFilterChain.java:142)
		at org.apache.tomcat.websocket.server.WsFilter.doFilter(WsFilter.java:57)
		at org.apache.catalina.core.ApplicationFilterChain.internalDoFilter(ApplicationFilterChain.java:166)
		at org.apache.catalina.core.ApplicationFilterChain.doFilter(ApplicationFilterChain.java:142)
		at org.apache.catalina.core.StandardWrapperValve.invoke(StandardWrapperValve.java:166)
		at org.apache.catalina.core.StandardContextValve.invoke(StandardContextValve.java:88)
		at org.apache.catalina.authenticator.AuthenticatorBase.invoke(AuthenticatorBase.java:540)
		at org.apache.catalina.core.StandardHostValve.invoke(StandardHostValve.java:115)
		at org.apache.catalina.valves.ErrorReportValve.invoke(ErrorReportValve.java:86)
		at org.apache.catalina.valves.AbstractAccessLogValve.invoke(AbstractAccessLogValve.java:782)
		at org.apache.catalina.core.StandardEngineValve.invoke(StandardEngineValve.java:71)
		at org.apache.catalina.connector.CoyoteAdapter.service(CoyoteAdapter.java:348)
		at org.apache.coyote.http11.Http11Processor.service(Http11Processor.java:410)
		at org.apache.coyote.AbstractProcessorLight.process(AbstractProcessorLight.java:71)
		at org.apache.coyote.AbstractProtocol$ConnectionHandler.process(AbstractProtocol.java:1307)
		at org.apache.tomcat.util.net.NioEndpoint$SocketProcessor.doRun(NioEndpoint.java:2197)
		at org.apache.tomcat.util.net.SocketProcessorBase.run(SocketProcessorBase.java:74)
		at org.apache.tomcat.util.threads.ThreadPoolExecutor.runWorker(ThreadPoolExecutor.java:976)
		at org.apache.tomcat.util.threads.ThreadPoolExecutor$Worker.run(ThreadPoolExecutor.java:494)
		at org.apache.tomcat.util.threads.TaskThread$WrappingRunnable.run(TaskThread.java:80)
		at java.base/java.lang.Thread.run(Thread.java:1516)
30-Sep-2026 16:03:06.589 SEVERE [http-nio-8080-exec-3] org.apache.catalina.core.ApplicationDispatcher.invoke Servlet.service() for servlet [jsp] threw exception
	org.apache.jasper.JasperException: Unable to get JAR resource [/jakarta.tags.core] containing TLD: [java.io.FileNotFoundException]
		at org.apache.jasper.compiler.DefaultErrorHandler.jspError(DefaultErrorHandler.java:35)
		at org.apache.jasper.compiler.ErrorDispatcher.dispatch(ErrorDispatcher.java:267)
		at org.apache.jasper.compiler.ErrorDispatcher.jspError(ErrorDispatcher.java:74)
		at org.apache.jasper.compiler.TagLibraryInfoImpl.generateTldResourcePath(TagLibraryInfoImpl.java:266)
		at org.apache.jasper.compiler.TagLibraryInfoImpl.<init>(TagLibraryInfoImpl.java:115)
		at org.apache.jasper.compiler.Parser.parseTaglibDirective(Parser.java:405)
		at org.apache.jasper.compiler.Parser.parseDirective(Parser.java:458)
		at org.apache.jasper.compiler.Parser.parseElements(Parser.java:1345)
		at org.apache.jasper.compiler.Parser.parse(Parser.java:127)
		at org.apache.jasper.compiler.ParserController.doParse(ParserController.java:250)
		at org.apache.jasper.compiler.ParserController.parse(ParserController.java:113)
		at org.apache.jasper.compiler.Compiler.generateJava(Compiler.java:229)
		at org.apache.jasper.compiler.Compiler.compile(Compiler.java:402)
		at org.apache.jasper.compiler.Compiler.compile(Compiler.java:380)
		at org.apache.jasper.compiler.Compiler.compile(Compiler.java:366)
		at org.apache.jasper.JspCompilationContext.compile(JspCompilationContext.java:736)
		at org.apache.jasper.servlet.JspServletWrapper.service(JspServletWrapper.java:441)
		at org.apache.jasper.servlet.JspServlet.serviceJspFile(JspServlet.java:359)
		at org.apache.jasper.servlet.JspServlet.service(JspServlet.java:310)
		at jakarta.servlet.http.HttpServlet.service(HttpServlet.java:658)
		at org.apache.catalina.core.ApplicationFilterChain.internalDoFilter(ApplicationFilterChain.java:197)
		at org.apache.catalina.core.ApplicationFilterChain.doFilter(ApplicationFilterChain.java:142)
		at org.apache.tomcat.websocket.server.WsFilter.doFilter(WsFilter.java:57)
		at org.apache.catalina.core.ApplicationFilterChain.internalDoFilter(ApplicationFilterChain.java:166)
		at org.apache.catalina.core.ApplicationFilterChain.doFilter(ApplicationFilterChain.java:142)
		at org.apache.catalina.core.ApplicationDispatcher.invoke(ApplicationDispatcher.java:609)
		at org.apache.catalina.core.ApplicationDispatcher.processRequest(ApplicationDispatcher.java:394)
		at org.apache.catalina.core.ApplicationDispatcher.doForward(ApplicationDispatcher.java:323)
		at org.apache.catalina.core.ApplicationDispatcher.forward(ApplicationDispatcher.java:268)
		at servlet.TestServlet.doGet(TestServlet.java:25)
		at jakarta.servlet.http.HttpServlet.service(HttpServlet.java:564)
		at jakarta.servlet.http.HttpServlet.service(HttpServlet.java:658)
		at org.apache.catalina.core.ApplicationFilterChain.internalDoFilter(ApplicationFilterChain.java:197)
		at org.apache.catalina.core.ApplicationFilterChain.doFilter(ApplicationFilterChain.java:142)
		at org.apache.tomcat.websocket.server.WsFilter.doFilter(WsFilter.java:57)
		at org.apache.catalina.core.ApplicationFilterChain.internalDoFilter(ApplicationFilterChain.java:166)
		at org.apache.catalina.core.ApplicationFilterChain.doFilter(ApplicationFilterChain.java:142)
		at org.apache.catalina.core.StandardWrapperValve.invoke(StandardWrapperValve.java:166)
		at org.apache.catalina.core.StandardContextValve.invoke(StandardContextValve.java:88)
		at org.apache.catalina.authenticator.AuthenticatorBase.invoke(AuthenticatorBase.java:540)
		at org.apache.catalina.core.StandardHostValve.invoke(StandardHostValve.java:115)
		at org.apache.catalina.valves.ErrorReportValve.invoke(ErrorReportValve.java:86)
		at org.apache.catalina.valves.AbstractAccessLogValve.invoke(AbstractAccessLogValve.java:782)
		at org.apache.catalina.core.StandardEngineValve.invoke(StandardEngineValve.java:71)
		at org.apache.catalina.connector.CoyoteAdapter.service(CoyoteAdapter.java:348)
		at org.apache.coyote.http11.Http11Processor.service(Http11Processor.java:410)
		at org.apache.coyote.AbstractProcessorLight.process(AbstractProcessorLight.java:71)
		at org.apache.coyote.AbstractProtocol$ConnectionHandler.process(AbstractProtocol.java:1307)
		at org.apache.tomcat.util.net.NioEndpoint$SocketProcessor.doRun(NioEndpoint.java:2197)
		at org.apache.tomcat.util.net.SocketProcessorBase.run(SocketProcessorBase.java:74)
		at org.apache.tomcat.util.threads.ThreadPoolExecutor.runWorker(ThreadPoolExecutor.java:976)
		at org.apache.tomcat.util.threads.ThreadPoolExecutor$Worker.run(ThreadPoolExecutor.java:494)
		at org.apache.tomcat.util.threads.TaskThread$WrappingRunnable.run(TaskThread.java:80)
		at java.base/java.lang.Thread.run(Thread.java:1516)
30-Sep-2026 16:03:06.589 SEVERE [http-nio-8080-exec-3] org.apache.catalina.core.StandardWrapperValve.invoke Servlet.service() for servlet [servlet.TestServlet] in context with path [/cookie-kitchen] threw exception [org.apache.jasper.JasperException: Unable to get JAR resource [/jakarta.tags.core] containing TLD: [java.io.FileNotFoundException]] with root cause
	org.apache.jasper.JasperException: Unable to get JAR resource [/jakarta.tags.core] containing TLD: [java.io.FileNotFoundException]
		at org.apache.jasper.compiler.DefaultErrorHandler.jspError(DefaultErrorHandler.java:35)
		at org.apache.jasper.compiler.ErrorDispatcher.dispatch(ErrorDispatcher.java:267)
		at org.apache.jasper.compiler.ErrorDispatcher.jspError(ErrorDispatcher.java:74)
		at org.apache.jasper.compiler.TagLibraryInfoImpl.generateTldResourcePath(TagLibraryInfoImpl.java:266)
		at org.apache.jasper.compiler.TagLibraryInfoImpl.<init>(TagLibraryInfoImpl.java:115)
		at org.apache.jasper.compiler.Parser.parseTaglibDirective(Parser.java:405)
		at org.apache.jasper.compiler.Parser.parseDirective(Parser.java:458)
		at org.apache.jasper.compiler.Parser.parseElements(Parser.java:1345)
		at org.apache.jasper.compiler.Parser.parse(Parser.java:127)
		at org.apache.jasper.compiler.ParserController.doParse(ParserController.java:250)
		at org.apache.jasper.compiler.ParserController.parse(ParserController.java:113)
		at org.apache.jasper.compiler.Compiler.generateJava(Compiler.java:229)
		at org.apache.jasper.compiler.Compiler.compile(Compiler.java:402)
		at org.apache.jasper.compiler.Compiler.compile(Compiler.java:380)
		at org.apache.jasper.compiler.Compiler.compile(Compiler.java:366)
		at org.apache.jasper.JspCompilationContext.compile(JspCompilationContext.java:736)
		at org.apache.jasper.servlet.JspServletWrapper.service(JspServletWrapper.java:441)
		at org.apache.jasper.servlet.JspServlet.serviceJspFile(JspServlet.java:359)
		at org.apache.jasper.servlet.JspServlet.service(JspServlet.java:310)
		at jakarta.servlet.http.HttpServlet.service(HttpServlet.java:658)
		at org.apache.catalina.core.ApplicationFilterChain.internalDoFilter(ApplicationFilterChain.java:197)
		at org.apache.catalina.core.ApplicationFilterChain.doFilter(ApplicationFilterChain.java:142)
		at org.apache.tomcat.websocket.server.WsFilter.doFilter(WsFilter.java:57)
		at org.apache.catalina.core.ApplicationFilterChain.internalDoFilter(ApplicationFilterChain.java:166)
		at org.apache.catalina.core.ApplicationFilterChain.doFilter(ApplicationFilterChain.java:142)
		at org.apache.catalina.core.ApplicationDispatcher.invoke(ApplicationDispatcher.java:609)
		at org.apache.catalina.core.ApplicationDispatcher.processRequest(ApplicationDispatcher.java:394)
		at org.apache.catalina.core.ApplicationDispatcher.doForward(ApplicationDispatcher.java:323)
		at org.apache.catalina.core.ApplicationDispatcher.forward(ApplicationDispatcher.java:268)
		at servlet.TestServlet.doGet(TestServlet.java:25)
		at jakarta.servlet.http.HttpServlet.service(HttpServlet.java:564)
		at jakarta.servlet.http.HttpServlet.service(HttpServlet.java:658)
		at org.apache.catalina.core.ApplicationFilterChain.internalDoFilter(ApplicationFilterChain.java:197)
		at org.apache.catalina.core.ApplicationFilterChain.doFilter(ApplicationFilterChain.java:142)
		at org.apache.tomcat.websocket.server.WsFilter.doFilter(WsFilter.java:57)
		at org.apache.catalina.core.ApplicationFilterChain.internalDoFilter(ApplicationFilterChain.java:166)
		at org.apache.catalina.core.ApplicationFilterChain.doFilter(ApplicationFilterChain.java:142)
		at org.apache.catalina.core.StandardWrapperValve.invoke(StandardWrapperValve.java:166)
		at org.apache.catalina.core.StandardContextValve.invoke(StandardContextValve.java:88)
		at org.apache.catalina.authenticator.AuthenticatorBase.invoke(AuthenticatorBase.java:540)
		at org.apache.catalina.core.StandardHostValve.invoke(StandardHostValve.java:115)
		at org.apache.catalina.valves.ErrorReportValve.invoke(ErrorReportValve.java:86)
		at org.apache.catalina.valves.AbstractAccessLogValve.invoke(AbstractAccessLogValve.java:782)
		at org.apache.catalina.core.StandardEngineValve.invoke(StandardEngineValve.java:71)
		at org.apache.catalina.connector.CoyoteAdapter.service(CoyoteAdapter.java:348)
		at org.apache.coyote.http11.Http11Processor.service(Http11Processor.java:410)
		at org.apache.coyote.AbstractProcessorLight.process(AbstractProcessorLight.java:71)
		at org.apache.coyote.AbstractProtocol$ConnectionHandler.process(AbstractProtocol.java:1307)
		at org.apache.tomcat.util.net.NioEndpoint$SocketProcessor.doRun(NioEndpoint.java:2197)
		at org.apache.tomcat.util.net.SocketProcessorBase.run(SocketProcessorBase.java:74)
		at org.apache.tomcat.util.threads.ThreadPoolExecutor.runWorker(ThreadPoolExecutor.java:976)
		at org.apache.tomcat.util.threads.ThreadPoolExecutor$Worker.run(ThreadPoolExecutor.java:494)
		at org.apache.tomcat.util.threads.TaskThread$WrappingRunnable.run(TaskThread.java:80)
		at java.base/java.lang.Thread.run(Thread.java:1516)
30-Sep-2026 16:29:14.504 SEVERE [http-nio-8080-exec-2] org.apache.catalina.core.ApplicationDispatcher.invoke Servlet.service() for servlet [jsp] threw exception
	org.apache.jasper.JasperException: Unable to get JAR resource [/jakarta.tags.core] containing TLD: [java.io.FileNotFoundException]
		at org.apache.jasper.compiler.DefaultErrorHandler.jspError(DefaultErrorHandler.java:35)
		at org.apache.jasper.compiler.ErrorDispatcher.dispatch(ErrorDispatcher.java:267)
		at org.apache.jasper.compiler.ErrorDispatcher.jspError(ErrorDispatcher.java:74)
		at org.apache.jasper.compiler.TagLibraryInfoImpl.generateTldResourcePath(TagLibraryInfoImpl.java:266)
		at org.apache.jasper.compiler.TagLibraryInfoImpl.<init>(TagLibraryInfoImpl.java:115)
		at org.apache.jasper.compiler.Parser.parseTaglibDirective(Parser.java:405)
		at org.apache.jasper.compiler.Parser.parseDirective(Parser.java:458)
		at org.apache.jasper.compiler.Parser.parseElements(Parser.java:1345)
		at org.apache.jasper.compiler.Parser.parse(Parser.java:127)
		at org.apache.jasper.compiler.ParserController.doParse(ParserController.java:250)
		at org.apache.jasper.compiler.ParserController.parse(ParserController.java:113)
		at org.apache.jasper.compiler.Compiler.generateJava(Compiler.java:229)
		at org.apache.jasper.compiler.Compiler.compile(Compiler.java:402)
		at org.apache.jasper.compiler.Compiler.compile(Compiler.java:380)
		at org.apache.jasper.compiler.Compiler.compile(Compiler.java:366)
		at org.apache.jasper.JspCompilationContext.compile(JspCompilationContext.java:736)
		at org.apache.jasper.servlet.JspServletWrapper.service(JspServletWrapper.java:441)
		at org.apache.jasper.servlet.JspServlet.serviceJspFile(JspServlet.java:359)
		at org.apache.jasper.servlet.JspServlet.service(JspServlet.java:310)
		at jakarta.servlet.http.HttpServlet.service(HttpServlet.java:658)
		at org.apache.catalina.core.ApplicationFilterChain.internalDoFilter(ApplicationFilterChain.java:197)
		at org.apache.catalina.core.ApplicationFilterChain.doFilter(ApplicationFilterChain.java:142)
		at org.apache.tomcat.websocket.server.WsFilter.doFilter(WsFilter.java:57)
		at org.apache.catalina.core.ApplicationFilterChain.internalDoFilter(ApplicationFilterChain.java:166)
		at org.apache.catalina.core.ApplicationFilterChain.doFilter(ApplicationFilterChain.java:142)
		at org.apache.catalina.core.ApplicationDispatcher.invoke(ApplicationDispatcher.java:609)
		at org.apache.catalina.core.ApplicationDispatcher.processRequest(ApplicationDispatcher.java:394)
		at org.apache.catalina.core.ApplicationDispatcher.doForward(ApplicationDispatcher.java:323)
		at org.apache.catalina.core.ApplicationDispatcher.forward(ApplicationDispatcher.java:268)
		at servlet.TestServlet.doGet(TestServlet.java:25)
		at jakarta.servlet.http.HttpServlet.service(HttpServlet.java:564)
		at jakarta.servlet.http.HttpServlet.service(HttpServlet.java:658)
		at org.apache.catalina.core.ApplicationFilterChain.internalDoFilter(ApplicationFilterChain.java:197)
		at org.apache.catalina.core.ApplicationFilterChain.doFilter(ApplicationFilterChain.java:142)
		at org.apache.tomcat.websocket.server.WsFilter.doFilter(WsFilter.java:57)
		at org.apache.catalina.core.ApplicationFilterChain.internalDoFilter(ApplicationFilterChain.java:166)
		at org.apache.catalina.core.ApplicationFilterChain.doFilter(ApplicationFilterChain.java:142)
		at org.apache.catalina.core.StandardWrapperValve.invoke(StandardWrapperValve.java:166)
		at org.apache.catalina.core.StandardContextValve.invoke(StandardContextValve.java:88)
		at org.apache.catalina.authenticator.AuthenticatorBase.invoke(AuthenticatorBase.java:540)
		at org.apache.catalina.core.StandardHostValve.invoke(StandardHostValve.java:115)
		at org.apache.catalina.valves.ErrorReportValve.invoke(ErrorReportValve.java:86)
		at org.apache.catalina.valves.AbstractAccessLogValve.invoke(AbstractAccessLogValve.java:782)
		at org.apache.catalina.core.StandardEngineValve.invoke(StandardEngineValve.java:71)
		at org.apache.catalina.connector.CoyoteAdapter.service(CoyoteAdapter.java:348)
		at org.apache.coyote.http11.Http11Processor.service(Http11Processor.java:410)
		at org.apache.coyote.AbstractProcessorLight.process(AbstractProcessorLight.java:71)
		at org.apache.coyote.AbstractProtocol$ConnectionHandler.process(AbstractProtocol.java:1307)
		at org.apache.tomcat.util.net.NioEndpoint$SocketProcessor.doRun(NioEndpoint.java:2197)
		at org.apache.tomcat.util.net.SocketProcessorBase.run(SocketProcessorBase.java:74)
		at org.apache.tomcat.util.threads.ThreadPoolExecutor.runWorker(ThreadPoolExecutor.java:976)
		at org.apache.tomcat.util.threads.ThreadPoolExecutor$Worker.run(ThreadPoolExecutor.java:494)
		at org.apache.tomcat.util.threads.TaskThread$WrappingRunnable.run(TaskThread.java:80)
		at java.base/java.lang.Thread.run(Thread.java:1516)
30-Sep-2026 16:29:14.504 SEVERE [http-nio-8080-exec-2] org.apache.catalina.core.StandardWrapperValve.invoke Servlet.service() for servlet [servlet.TestServlet] in context with path [/cookie-kitchen] threw exception [org.apache.jasper.JasperException: Unable to get JAR resource [/jakarta.tags.core] containing TLD: [java.io.FileNotFoundException]] with root cause
	org.apache.jasper.JasperException: Unable to get JAR resource [/jakarta.tags.core] containing TLD: [java.io.FileNotFoundException]
		at org.apache.jasper.compiler.DefaultErrorHandler.jspError(DefaultErrorHandler.java:35)
		at org.apache.jasper.compiler.ErrorDispatcher.dispatch(ErrorDispatcher.java:267)
		at org.apache.jasper.compiler.ErrorDispatcher.jspError(ErrorDispatcher.java:74)
		at org.apache.jasper.compiler.TagLibraryInfoImpl.generateTldResourcePath(TagLibraryInfoImpl.java:266)
		at org.apache.jasper.compiler.TagLibraryInfoImpl.<init>(TagLibraryInfoImpl.java:115)
		at org.apache.jasper.compiler.Parser.parseTaglibDirective(Parser.java:405)
		at org.apache.jasper.compiler.Parser.parseDirective(Parser.java:458)
		at org.apache.jasper.compiler.Parser.parseElements(Parser.java:1345)
		at org.apache.jasper.compiler.Parser.parse(Parser.java:127)
		at org.apache.jasper.compiler.ParserController.doParse(ParserController.java:250)
		at org.apache.jasper.compiler.ParserController.parse(ParserController.java:113)
		at org.apache.jasper.compiler.Compiler.generateJava(Compiler.java:229)
		at org.apache.jasper.compiler.Compiler.compile(Compiler.java:402)
		at org.apache.jasper.compiler.Compiler.compile(Compiler.java:380)
		at org.apache.jasper.compiler.Compiler.compile(Compiler.java:366)
		at org.apache.jasper.JspCompilationContext.compile(JspCompilationContext.java:736)
		at org.apache.jasper.servlet.JspServletWrapper.service(JspServletWrapper.java:441)
		at org.apache.jasper.servlet.JspServlet.serviceJspFile(JspServlet.java:359)
		at org.apache.jasper.servlet.JspServlet.service(JspServlet.java:310)
		at jakarta.servlet.http.HttpServlet.service(HttpServlet.java:658)
		at org.apache.catalina.core.ApplicationFilterChain.internalDoFilter(ApplicationFilterChain.java:197)
		at org.apache.catalina.core.ApplicationFilterChain.doFilter(ApplicationFilterChain.java:142)
		at org.apache.tomcat.websocket.server.WsFilter.doFilter(WsFilter.java:57)
		at org.apache.catalina.core.ApplicationFilterChain.internalDoFilter(ApplicationFilterChain.java:166)
		at org.apache.catalina.core.ApplicationFilterChain.doFilter(ApplicationFilterChain.java:142)
		at org.apache.catalina.core.ApplicationDispatcher.invoke(ApplicationDispatcher.java:609)
		at org.apache.catalina.core.ApplicationDispatcher.processRequest(ApplicationDispatcher.java:394)
		at org.apache.catalina.core.ApplicationDispatcher.doForward(ApplicationDispatcher.java:323)
		at org.apache.catalina.core.ApplicationDispatcher.forward(ApplicationDispatcher.java:268)
		at servlet.TestServlet.doGet(TestServlet.java:25)
		at jakarta.servlet.http.HttpServlet.service(HttpServlet.java:564)
		at jakarta.servlet.http.HttpServlet.service(HttpServlet.java:658)
		at org.apache.catalina.core.ApplicationFilterChain.internalDoFilter(ApplicationFilterChain.java:197)
		at org.apache.catalina.core.ApplicationFilterChain.doFilter(ApplicationFilterChain.java:142)
		at org.apache.tomcat.websocket.server.WsFilter.doFilter(WsFilter.java:57)
		at org.apache.catalina.core.ApplicationFilterChain.internalDoFilter(ApplicationFilterChain.java:166)
		at org.apache.catalina.core.ApplicationFilterChain.doFilter(ApplicationFilterChain.java:142)
		at org.apache.catalina.core.StandardWrapperValve.invoke(StandardWrapperValve.java:166)
		at org.apache.catalina.core.StandardContextValve.invoke(StandardContextValve.java:88)
		at org.apache.catalina.authenticator.AuthenticatorBase.invoke(AuthenticatorBase.java:540)
		at org.apache.catalina.core.StandardHostValve.invoke(StandardHostValve.java:115)
		at org.apache.catalina.valves.ErrorReportValve.invoke(ErrorReportValve.java:86)
		at org.apache.catalina.valves.AbstractAccessLogValve.invoke(AbstractAccessLogValve.java:782)
		at org.apache.catalina.core.StandardEngineValve.invoke(StandardEngineValve.java:71)
		at org.apache.catalina.connector.CoyoteAdapter.service(CoyoteAdapter.java:348)
		at org.apache.coyote.http11.Http11Processor.service(Http11Processor.java:410)
		at org.apache.coyote.AbstractProcessorLight.process(AbstractProcessorLight.java:71)
		at org.apache.coyote.AbstractProtocol$ConnectionHandler.process(AbstractProtocol.java:1307)
		at org.apache.tomcat.util.net.NioEndpoint$SocketProcessor.doRun(NioEndpoint.java:2197)
		at org.apache.tomcat.util.net.SocketProcessorBase.run(SocketProcessorBase.java:74)
		at org.apache.tomcat.util.threads.ThreadPoolExecutor.runWorker(ThreadPoolExecutor.java:976)
		at org.apache.tomcat.util.threads.ThreadPoolExecutor$Worker.run(ThreadPoolExecutor.java:494)
		at org.apache.tomcat.util.threads.TaskThread$WrappingRunnable.run(TaskThread.java:80)
		at java.base/java.lang.Thread.run(Thread.java:1516)
30-Sep-2026 16:32:50.334 SEVERE [http-nio-8080-exec-3] org.apache.catalina.core.ApplicationDispatcher.invoke Servlet.service() for servlet [jsp] threw exception
	org.apache.jasper.JasperException: Unable to get JAR resource [/jakarta.tags.core] containing TLD: [java.io.FileNotFoundException]
		at org.apache.jasper.compiler.DefaultErrorHandler.jspError(DefaultErrorHandler.java:35)
		at org.apache.jasper.compiler.ErrorDispatcher.dispatch(ErrorDispatcher.java:267)
		at org.apache.jasper.compiler.ErrorDispatcher.jspError(ErrorDispatcher.java:74)
		at org.apache.jasper.compiler.TagLibraryInfoImpl.generateTldResourcePath(TagLibraryInfoImpl.java:266)
		at org.apache.jasper.compiler.TagLibraryInfoImpl.<init>(TagLibraryInfoImpl.java:115)
		at org.apache.jasper.compiler.Parser.parseTaglibDirective(Parser.java:405)
		at org.apache.jasper.compiler.Parser.parseDirective(Parser.java:458)
		at org.apache.jasper.compiler.Parser.parseElements(Parser.java:1345)
		at org.apache.jasper.compiler.Parser.parse(Parser.java:127)
		at org.apache.jasper.compiler.ParserController.doParse(ParserController.java:250)
		at org.apache.jasper.compiler.ParserController.parse(ParserController.java:113)
		at org.apache.jasper.compiler.Compiler.generateJava(Compiler.java:229)
		at org.apache.jasper.compiler.Compiler.compile(Compiler.java:402)
		at org.apache.jasper.compiler.Compiler.compile(Compiler.java:380)
		at org.apache.jasper.compiler.Compiler.compile(Compiler.java:366)
		at org.apache.jasper.JspCompilationContext.compile(JspCompilationContext.java:736)
		at org.apache.jasper.servlet.JspServletWrapper.service(JspServletWrapper.java:441)
		at org.apache.jasper.servlet.JspServlet.serviceJspFile(JspServlet.java:359)
		at org.apache.jasper.servlet.JspServlet.service(JspServlet.java:310)
		at jakarta.servlet.http.HttpServlet.service(HttpServlet.java:658)
		at org.apache.catalina.core.ApplicationFilterChain.internalDoFilter(ApplicationFilterChain.java:197)
		at org.apache.catalina.core.ApplicationFilterChain.doFilter(ApplicationFilterChain.java:142)
		at org.apache.tomcat.websocket.server.WsFilter.doFilter(WsFilter.java:57)
		at org.apache.catalina.core.ApplicationFilterChain.internalDoFilter(ApplicationFilterChain.java:166)
		at org.apache.catalina.core.ApplicationFilterChain.doFilter(ApplicationFilterChain.java:142)
		at org.apache.catalina.core.ApplicationDispatcher.invoke(ApplicationDispatcher.java:609)
		at org.apache.catalina.core.ApplicationDispatcher.processRequest(ApplicationDispatcher.java:394)
		at org.apache.catalina.core.ApplicationDispatcher.doForward(ApplicationDispatcher.java:323)
		at org.apache.catalina.core.ApplicationDispatcher.forward(ApplicationDispatcher.java:268)
		at servlet.TestServlet.doGet(TestServlet.java:25)
		at jakarta.servlet.http.HttpServlet.service(HttpServlet.java:564)
		at jakarta.servlet.http.HttpServlet.service(HttpServlet.java:658)
		at org.apache.catalina.core.ApplicationFilterChain.internalDoFilter(ApplicationFilterChain.java:197)
		at org.apache.catalina.core.ApplicationFilterChain.doFilter(ApplicationFilterChain.java:142)
		at org.apache.tomcat.websocket.server.WsFilter.doFilter(WsFilter.java:57)
		at org.apache.catalina.core.ApplicationFilterChain.internalDoFilter(ApplicationFilterChain.java:166)
		at org.apache.catalina.core.ApplicationFilterChain.doFilter(ApplicationFilterChain.java:142)
		at org.apache.catalina.core.StandardWrapperValve.invoke(StandardWrapperValve.java:166)
		at org.apache.catalina.core.StandardContextValve.invoke(StandardContextValve.java:88)
		at org.apache.catalina.authenticator.AuthenticatorBase.invoke(AuthenticatorBase.java:540)
		at org.apache.catalina.core.StandardHostValve.invoke(StandardHostValve.java:115)
		at org.apache.catalina.valves.ErrorReportValve.invoke(ErrorReportValve.java:86)
		at org.apache.catalina.valves.AbstractAccessLogValve.invoke(AbstractAccessLogValve.java:782)
		at org.apache.catalina.core.StandardEngineValve.invoke(StandardEngineValve.java:71)
		at org.apache.catalina.connector.CoyoteAdapter.service(CoyoteAdapter.java:348)
		at org.apache.coyote.http11.Http11Processor.service(Http11Processor.java:410)
		at org.apache.coyote.AbstractProcessorLight.process(AbstractProcessorLight.java:71)
		at org.apache.coyote.AbstractProtocol$ConnectionHandler.process(AbstractProtocol.java:1307)
		at org.apache.tomcat.util.net.NioEndpoint$SocketProcessor.doRun(NioEndpoint.java:2197)
		at org.apache.tomcat.util.net.SocketProcessorBase.run(SocketProcessorBase.java:74)
		at org.apache.tomcat.util.threads.ThreadPoolExecutor.runWorker(ThreadPoolExecutor.java:976)
		at org.apache.tomcat.util.threads.ThreadPoolExecutor$Worker.run(ThreadPoolExecutor.java:494)
		at org.apache.tomcat.util.threads.TaskThread$WrappingRunnable.run(TaskThread.java:80)
		at java.base/java.lang.Thread.run(Thread.java:1516)
30-Sep-2026 16:32:50.335 SEVERE [http-nio-8080-exec-3] org.apache.catalina.core.StandardWrapperValve.invoke Servlet.service() for servlet [servlet.TestServlet] in context with path [/cookie-kitchen] threw exception [org.apache.jasper.JasperException: Unable to get JAR resource [/jakarta.tags.core] containing TLD: [java.io.FileNotFoundException]] with root cause
	org.apache.jasper.JasperException: Unable to get JAR resource [/jakarta.tags.core] containing TLD: [java.io.FileNotFoundException]
		at org.apache.jasper.compiler.DefaultErrorHandler.jspError(DefaultErrorHandler.java:35)
		at org.apache.jasper.compiler.ErrorDispatcher.dispatch(ErrorDispatcher.java:267)
		at org.apache.jasper.compiler.ErrorDispatcher.jspError(ErrorDispatcher.java:74)
		at org.apache.jasper.compiler.TagLibraryInfoImpl.generateTldResourcePath(TagLibraryInfoImpl.java:266)
		at org.apache.jasper.compiler.TagLibraryInfoImpl.<init>(TagLibraryInfoImpl.java:115)
		at org.apache.jasper.compiler.Parser.parseTaglibDirective(Parser.java:405)
		at org.apache.jasper.compiler.Parser.parseDirective(Parser.java:458)
		at org.apache.jasper.compiler.Parser.parseElements(Parser.java:1345)
		at org.apache.jasper.compiler.Parser.parse(Parser.java:127)
		at org.apache.jasper.compiler.ParserController.doParse(ParserController.java:250)
		at org.apache.jasper.compiler.ParserController.parse(ParserController.java:113)
		at org.apache.jasper.compiler.Compiler.generateJava(Compiler.java:229)
		at org.apache.jasper.compiler.Compiler.compile(Compiler.java:402)
		at org.apache.jasper.compiler.Compiler.compile(Compiler.java:380)
		at org.apache.jasper.compiler.Compiler.compile(Compiler.java:366)
		at org.apache.jasper.JspCompilationContext.compile(JspCompilationContext.java:736)
		at org.apache.jasper.servlet.JspServletWrapper.service(JspServletWrapper.java:441)
		at org.apache.jasper.servlet.JspServlet.serviceJspFile(JspServlet.java:359)
		at org.apache.jasper.servlet.JspServlet.service(JspServlet.java:310)
		at jakarta.servlet.http.HttpServlet.service(HttpServlet.java:658)
		at org.apache.catalina.core.ApplicationFilterChain.internalDoFilter(ApplicationFilterChain.java:197)
		at org.apache.catalina.core.ApplicationFilterChain.doFilter(ApplicationFilterChain.java:142)
		at org.apache.tomcat.websocket.server.WsFilter.doFilter(WsFilter.java:57)
		at org.apache.catalina.core.ApplicationFilterChain.internalDoFilter(ApplicationFilterChain.java:166)
		at org.apache.catalina.core.ApplicationFilterChain.doFilter(ApplicationFilterChain.java:142)
		at org.apache.catalina.core.ApplicationDispatcher.invoke(ApplicationDispatcher.java:609)
		at org.apache.catalina.core.ApplicationDispatcher.processRequest(ApplicationDispatcher.java:394)
		at org.apache.catalina.core.ApplicationDispatcher.doForward(ApplicationDispatcher.java:323)
		at org.apache.catalina.core.ApplicationDispatcher.forward(ApplicationDispatcher.java:268)
		at servlet.TestServlet.doGet(TestServlet.java:25)
		at jakarta.servlet.http.HttpServlet.service(HttpServlet.java:564)
		at jakarta.servlet.http.HttpServlet.service(HttpServlet.java:658)
		at org.apache.catalina.core.ApplicationFilterChain.internalDoFilter(ApplicationFilterChain.java:197)
		at org.apache.catalina.core.ApplicationFilterChain.doFilter(ApplicationFilterChain.java:142)
		at org.apache.tomcat.websocket.server.WsFilter.doFilter(WsFilter.java:57)
		at org.apache.catalina.core.ApplicationFilterChain.internalDoFilter(ApplicationFilterChain.java:166)
		at org.apache.catalina.core.ApplicationFilterChain.doFilter(ApplicationFilterChain.java:142)
		at org.apache.catalina.core.StandardWrapperValve.invoke(StandardWrapperValve.java:166)
		at org.apache.catalina.core.StandardContextValve.invoke(StandardContextValve.java:88)
		at org.apache.catalina.authenticator.AuthenticatorBase.invoke(AuthenticatorBase.java:540)
		at org.apache.catalina.core.StandardHostValve.invoke(StandardHostValve.java:115)
		at org.apache.catalina.valves.ErrorReportValve.invoke(ErrorReportValve.java:86)
		at org.apache.catalina.valves.AbstractAccessLogValve.invoke(AbstractAccessLogValve.java:782)
		at org.apache.catalina.core.StandardEngineValve.invoke(StandardEngineValve.java:71)
		at org.apache.catalina.connector.CoyoteAdapter.service(CoyoteAdapter.java:348)
		at org.apache.coyote.http11.Http11Processor.service(Http11Processor.java:410)
		at org.apache.coyote.AbstractProcessorLight.process(AbstractProcessorLight.java:71)
		at org.apache.coyote.AbstractProtocol$ConnectionHandler.process(AbstractProtocol.java:1307)
		at org.apache.tomcat.util.net.NioEndpoint$SocketProcessor.doRun(NioEndpoint.java:2197)
		at org.apache.tomcat.util.net.SocketProcessorBase.run(SocketProcessorBase.java:74)
		at org.apache.tomcat.util.threads.ThreadPoolExecutor.runWorker(ThreadPoolExecutor.java:976)
		at org.apache.tomcat.util.threads.ThreadPoolExecutor$Worker.run(ThreadPoolExecutor.java:494)
		at org.apache.tomcat.util.threads.TaskThread$WrappingRunnable.run(TaskThread.java:80)
		at java.base/java.lang.Thread.run(Thread.java:1516)
30-Sep-2026 19:20:44.716 SEVERE [http-nio-8080-exec-3] org.apache.catalina.core.ApplicationDispatcher.invoke Servlet.service() for servlet [jsp] threw exception
	org.apache.jasper.JasperException: Unable to get JAR resource [/jakarta.tags.core] containing TLD: [java.io.FileNotFoundException]
		at org.apache.jasper.compiler.DefaultErrorHandler.jspError(DefaultErrorHandler.java:35)
		at org.apache.jasper.compiler.ErrorDispatcher.dispatch(ErrorDispatcher.java:267)
		at org.apache.jasper.compiler.ErrorDispatcher.jspError(ErrorDispatcher.java:74)
		at org.apache.jasper.compiler.TagLibraryInfoImpl.generateTldResourcePath(TagLibraryInfoImpl.java:266)
		at org.apache.jasper.compiler.TagLibraryInfoImpl.<init>(TagLibraryInfoImpl.java:115)
		at org.apache.jasper.compiler.Parser.parseTaglibDirective(Parser.java:405)
		at org.apache.jasper.compiler.Parser.parseDirective(Parser.java:458)
		at org.apache.jasper.compiler.Parser.parseElements(Parser.java:1345)
		at org.apache.jasper.compiler.Parser.parse(Parser.java:127)
		at org.apache.jasper.compiler.ParserController.doParse(ParserController.java:250)
		at org.apache.jasper.compiler.ParserController.parse(ParserController.java:113)
		at org.apache.jasper.compiler.Compiler.generateJava(Compiler.java:229)
		at org.apache.jasper.compiler.Compiler.compile(Compiler.java:402)
		at org.apache.jasper.compiler.Compiler.compile(Compiler.java:380)
		at org.apache.jasper.compiler.Compiler.compile(Compiler.java:366)
		at org.apache.jasper.JspCompilationContext.compile(JspCompilationContext.java:736)
		at org.apache.jasper.servlet.JspServletWrapper.service(JspServletWrapper.java:441)
		at org.apache.jasper.servlet.JspServlet.serviceJspFile(JspServlet.java:359)
		at org.apache.jasper.servlet.JspServlet.service(JspServlet.java:310)
		at jakarta.servlet.http.HttpServlet.service(HttpServlet.java:658)
		at org.apache.catalina.core.ApplicationFilterChain.internalDoFilter(ApplicationFilterChain.java:197)
		at org.apache.catalina.core.ApplicationFilterChain.doFilter(ApplicationFilterChain.java:142)
		at org.apache.tomcat.websocket.server.WsFilter.doFilter(WsFilter.java:57)
		at org.apache.catalina.core.ApplicationFilterChain.internalDoFilter(ApplicationFilterChain.java:166)
		at org.apache.catalina.core.ApplicationFilterChain.doFilter(ApplicationFilterChain.java:142)
		at org.apache.catalina.core.ApplicationDispatcher.invoke(ApplicationDispatcher.java:609)
		at org.apache.catalina.core.ApplicationDispatcher.processRequest(ApplicationDispatcher.java:394)
		at org.apache.catalina.core.ApplicationDispatcher.doForward(ApplicationDispatcher.java:323)
		at org.apache.catalina.core.ApplicationDispatcher.forward(ApplicationDispatcher.java:268)
		at servlet.TestServlet.doGet(TestServlet.java:25)
		at jakarta.servlet.http.HttpServlet.service(HttpServlet.java:564)
		at jakarta.servlet.http.HttpServlet.service(HttpServlet.java:658)
		at org.apache.catalina.core.ApplicationFilterChain.internalDoFilter(ApplicationFilterChain.java:197)
		at org.apache.catalina.core.ApplicationFilterChain.doFilter(ApplicationFilterChain.java:142)
		at org.apache.tomcat.websocket.server.WsFilter.doFilter(WsFilter.java:57)
		at org.apache.catalina.core.ApplicationFilterChain.internalDoFilter(ApplicationFilterChain.java:166)
		at org.apache.catalina.core.ApplicationFilterChain.doFilter(ApplicationFilterChain.java:142)
		at org.apache.catalina.core.StandardWrapperValve.invoke(StandardWrapperValve.java:166)
		at org.apache.catalina.core.StandardContextValve.invoke(StandardContextValve.java:88)
		at org.apache.catalina.authenticator.AuthenticatorBase.invoke(AuthenticatorBase.java:540)
		at org.apache.catalina.core.StandardHostValve.invoke(StandardHostValve.java:115)
		at org.apache.catalina.valves.ErrorReportValve.invoke(ErrorReportValve.java:86)
		at org.apache.catalina.valves.AbstractAccessLogValve.invoke(AbstractAccessLogValve.java:782)
		at org.apache.catalina.core.StandardEngineValve.invoke(StandardEngineValve.java:71)
		at org.apache.catalina.connector.CoyoteAdapter.service(CoyoteAdapter.java:348)
		at org.apache.coyote.http11.Http11Processor.service(Http11Processor.java:410)
		at org.apache.coyote.AbstractProcessorLight.process(AbstractProcessorLight.java:71)
		at org.apache.coyote.AbstractProtocol$ConnectionHandler.process(AbstractProtocol.java:1307)
		at org.apache.tomcat.util.net.NioEndpoint$SocketProcessor.doRun(NioEndpoint.java:2197)
		at org.apache.tomcat.util.net.SocketProcessorBase.run(SocketProcessorBase.java:74)
		at org.apache.tomcat.util.threads.ThreadPoolExecutor.runWorker(ThreadPoolExecutor.java:976)
		at org.apache.tomcat.util.threads.ThreadPoolExecutor$Worker.run(ThreadPoolExecutor.java:494)
		at org.apache.tomcat.util.threads.TaskThread$WrappingRunnable.run(TaskThread.java:80)
		at java.base/java.lang.Thread.run(Thread.java:1516)
30-Sep-2026 19:20:44.716 SEVERE [http-nio-8080-exec-3] org.apache.catalina.core.StandardWrapperValve.invoke Servlet.service() for servlet [servlet.TestServlet] in context with path [/cookie-kitchen] threw exception [org.apache.jasper.JasperException: Unable to get JAR resource [/jakarta.tags.core] containing TLD: [java.io.FileNotFoundException]] with root cause
	org.apache.jasper.JasperException: Unable to get JAR resource [/jakarta.tags.core] containing TLD: [java.io.FileNotFoundException]
		at org.apache.jasper.compiler.DefaultErrorHandler.jspError(DefaultErrorHandler.java:35)
		at org.apache.jasper.compiler.ErrorDispatcher.dispatch(ErrorDispatcher.java:267)
		at org.apache.jasper.compiler.ErrorDispatcher.jspError(ErrorDispatcher.java:74)
		at org.apache.jasper.compiler.TagLibraryInfoImpl.generateTldResourcePath(TagLibraryInfoImpl.java:266)
		at org.apache.jasper.compiler.TagLibraryInfoImpl.<init>(TagLibraryInfoImpl.java:115)
		at org.apache.jasper.compiler.Parser.parseTaglibDirective(Parser.java:405)
		at org.apache.jasper.compiler.Parser.parseDirective(Parser.java:458)
		at org.apache.jasper.compiler.Parser.parseElements(Parser.java:1345)
		at org.apache.jasper.compiler.Parser.parse(Parser.java:127)
		at org.apache.jasper.compiler.ParserController.doParse(ParserController.java:250)
		at org.apache.jasper.compiler.ParserController.parse(ParserController.java:113)
		at org.apache.jasper.compiler.Compiler.generateJava(Compiler.java:229)
		at org.apache.jasper.compiler.Compiler.compile(Compiler.java:402)
		at org.apache.jasper.compiler.Compiler.compile(Compiler.java:380)
		at org.apache.jasper.compiler.Compiler.compile(Compiler.java:366)
		at org.apache.jasper.JspCompilationContext.compile(JspCompilationContext.java:736)
		at org.apache.jasper.servlet.JspServletWrapper.service(JspServletWrapper.java:441)
		at org.apache.jasper.servlet.JspServlet.serviceJspFile(JspServlet.java:359)
		at org.apache.jasper.servlet.JspServlet.service(JspServlet.java:310)
		at jakarta.servlet.http.HttpServlet.service(HttpServlet.java:658)
		at org.apache.catalina.core.ApplicationFilterChain.internalDoFilter(ApplicationFilterChain.java:197)
		at org.apache.catalina.core.ApplicationFilterChain.doFilter(ApplicationFilterChain.java:142)
		at org.apache.tomcat.websocket.server.WsFilter.doFilter(WsFilter.java:57)
		at org.apache.catalina.core.ApplicationFilterChain.internalDoFilter(ApplicationFilterChain.java:166)
		at org.apache.catalina.core.ApplicationFilterChain.doFilter(ApplicationFilterChain.java:142)
		at org.apache.catalina.core.ApplicationDispatcher.invoke(ApplicationDispatcher.java:609)
		at org.apache.catalina.core.ApplicationDispatcher.processRequest(ApplicationDispatcher.java:394)
		at org.apache.catalina.core.ApplicationDispatcher.doForward(ApplicationDispatcher.java:323)
		at org.apache.catalina.core.ApplicationDispatcher.forward(ApplicationDispatcher.java:268)
		at servlet.TestServlet.doGet(TestServlet.java:25)
		at jakarta.servlet.http.HttpServlet.service(HttpServlet.java:564)
		at jakarta.servlet.http.HttpServlet.service(HttpServlet.java:658)
		at org.apache.catalina.core.ApplicationFilterChain.internalDoFilter(ApplicationFilterChain.java:197)
		at org.apache.catalina.core.ApplicationFilterChain.doFilter(ApplicationFilterChain.java:142)
		at org.apache.tomcat.websocket.server.WsFilter.doFilter(WsFilter.java:57)
		at org.apache.catalina.core.ApplicationFilterChain.internalDoFilter(ApplicationFilterChain.java:166)
		at org.apache.catalina.core.ApplicationFilterChain.doFilter(ApplicationFilterChain.java:142)
		at org.apache.catalina.core.StandardWrapperValve.invoke(StandardWrapperValve.java:166)
		at org.apache.catalina.core.StandardContextValve.invoke(StandardContextValve.java:88)
		at org.apache.catalina.authenticator.AuthenticatorBase.invoke(AuthenticatorBase.java:540)
		at org.apache.catalina.core.StandardHostValve.invoke(StandardHostValve.java:115)
		at org.apache.catalina.valves.ErrorReportValve.invoke(ErrorReportValve.java:86)
		at org.apache.catalina.valves.AbstractAccessLogValve.invoke(AbstractAccessLogValve.java:782)
		at org.apache.catalina.core.StandardEngineValve.invoke(StandardEngineValve.java:71)
		at org.apache.catalina.connector.CoyoteAdapter.service(CoyoteAdapter.java:348)
		at org.apache.coyote.http11.Http11Processor.service(Http11Processor.java:410)
		at org.apache.coyote.AbstractProcessorLight.process(AbstractProcessorLight.java:71)
		at org.apache.coyote.AbstractProtocol$ConnectionHandler.process(AbstractProtocol.java:1307)
		at org.apache.tomcat.util.net.NioEndpoint$SocketProcessor.doRun(NioEndpoint.java:2197)
		at org.apache.tomcat.util.net.SocketProcessorBase.run(SocketProcessorBase.java:74)
		at org.apache.tomcat.util.threads.ThreadPoolExecutor.runWorker(ThreadPoolExecutor.java:976)
		at org.apache.tomcat.util.threads.ThreadPoolExecutor$Worker.run(ThreadPoolExecutor.java:494)
		at org.apache.tomcat.util.threads.TaskThread$WrappingRunnable.run(TaskThread.java:80)
		at java.base/java.lang.Thread.run(Thread.java:1516)
